Number of deaths from disasters,Number of people injured from disasters,Number of people affected by disasters,Number of people left homeless from disasters,Number of total people affected by disasters,Total economic damages from disasters,Death rates from disasters,Injury rates from disasters,"Number of people affected by disasters per 100,000",Homelessness rate from disasters,"Total number of people affected by disasters per 100,000",Entity,Year
12,0,0,0,0,0,0.222055886,0,0,0,0,Algeria,1910
3000,0,0,0,0,0,45.30585302,0,0,0,0,Algeria,1927
276,0,0,0,0,0,3.282437319,0,0,0,0,Algeria,1946
25,0,0,0,0,0,0.272153277,0,0,0,0,Algeria,1952
1250,5000,0,129250,134250,6000,13.07531381,52.30125523,0,1351.987448,1404.288703,Algeria,1954
57,0,0,1250,1250,0,0.515463918,0,0,11.30403328,11.30403328,Algeria,1960
0,0,45400,0,45400,0,0,0,381.0962814,0,381.0962814,Algeria,1963
2,350,37000,12000,49350,2000,0.015934985,2.788622421,294.7972273,95.60991156,393.1957613,Algeria,1965
57,12,20000,15900,35912,10000,0.441757731,0.093001628,155.0027125,123.2271565,278.3228707,Algeria,1966
30,15,30000,200,30215,3000,0.225988701,0.11299435,225.9887006,1.506591337,227.6082863,Algeria,1967
76,237,200000,0,200237,10000,0.540463661,1.685393258,1422.272792,0,1423.958185,Algeria,1969
21,0,85000,61000,146000,10000,0.13367282,0,541.0566518,388.2877148,929.3443666,Algeria,1973
11,0,20000,0,20000,30000,0.068115673,0,123.8466778,0,123.8466778,Algeria,1974
0,0,30000,0,30000,0,0,0,160.8751609,0,160.8751609,Algeria,1979
2633,8369,478948,443000,930317,5200000,13.69784622,43.53865363,2491.6658,2304.650921,4839.855374,Algeria,1980
43,50,0,0,50,0,0.216908797,0.252219532,0,0,0.252219532,Algeria,1981
37,14,8500,0,8514,0,0.180902557,0.068449616,41.55869555,0,41.62714516,Algeria,1982
54,0,0,1470,1470,0,0.248116155,0,0,6.754273112,6.754273112,Algeria,1984
56,0,0,15000,15000,1000,0.249643367,0,0,66.86875892,66.86875892,Algeria,1985
1,7,3145,0,3152,1000,0.004206276,0.02944393,13.22873728,0,13.25818121,Algeria,1987
0,57,10107,200,10364,0,0,0.233195598,41.34926155,0.818230168,42.40068731,Algeria,1988
22,184,12000,0,12184,0,0.087628455,0.732892536,47.79733928,0,48.53023182,Algeria,1989
21,8,2250,2250,4508,900,0.077697203,0.029598934,8.324700311,8.324700311,16.67899956,Algeria,1992
37,62,0,650,712,0,0.133883341,0.224345057,0,2.352004632,2.576349689,Algeria,1993
233,289,13700,30000,43989,0,0.825831148,1.02431417,48.55745375,106.3301907,155.9119586,Algeria,1994
4,101,0,0,101,0,0.013667737,0.345110367,0,0,0.345110367,Algeria,1996
4,0,0,3000,3000,0,0.013448543,0,0,10.08640689,10.08640689,Algeria,1997
34,177,0,15700,15877,60929,0.111027659,0.57799693,0,51.26865428,51.84665121,Algeria,1999
48,15,100,100,215,0,0.154629212,0.048321629,0.322144192,0.322144192,0.692610012,Algeria,2000
921,423,45000,0,45423,300000,2.928271652,1.344906524,143.0751622,0,144.4200687,Algeria,2001
48,20,2285,0,2305,1500,0.150682781,0.062784492,7.173128237,0,7.23591273,Algeria,2002
2369,10511,0,200000,210511,5000000,7.342548971,32.57810563,0,619.885941,652.4640466,Algeria,2003
22,335,27545,0,27880,0,0.067294751,1.024715527,84.25608712,0,85.28080264,Algeria,2004
22,5,70,1750,1825,7256,0.066365008,0.015082956,0.211161388,5.279034691,5.505279035,Algeria,2005
5,9,60160,150,60319,1200,0.014862816,0.026753069,178.8294046,0.445884486,179.3020422,Algeria,2006
90,5,1300,0,1305,43061,0.263412064,0.014634004,3.804840928,0,3.819474932,Algeria,2007
93,50,59000,0,59050,348000,0.267772307,0.143963606,169.8770551,0,170.0210187,Algeria,2008
48,48,0,2500,2548,0,0.135846493,0.135846493,0,7.075338201,7.211184695,Algeria,2009
10,43,750,0,793,779000,0.027276943,0.117290854,2.04577071,0,2.163061564,Algeria,2011
69,101,0,0,101,0,0.184570939,0.270169056,0,0,0.270169056,Algeria,2012
6,420,0,0,420,0,0.015414654,1.079025794,0,0,1.079025794,Algeria,2014
12,0,35000,0,35000,0,0.030205397,0,88.0990737,0,88.0990737,Algeria,2015
0,0,125000,0,125000,0,0,0,302.012612,0,302.012612,Algeria,2017
6,0,200,0,200,0,0.014208582,0,0.473619399,0,0.473619399,Algeria,2018
8,25,125000,0,125025,0,0.018581748,0.058067963,290.3398137,0,290.3978817,Algeria,2019
0,0,15000,0,15000,0,0,0,34.20671203,0,34.20671203,Algeria,2020
0,0,80000,0,80000,0,0,0,925.9259259,0,925.9259259,Angola,1981
0,0,500000,0,500000,0,0,0,5019.072475,0,5019.072475,Angola,1985
0,0,2000000,0,2000000,0,0,0,17459.62462,0,17459.62462,Angola,1989
0,0,105000,0,105000,0,0,0,706.0247445,0,706.0247445,Angola,1997
59,11,70000,9000,79011,10000,0.359865813,0.067093626,426.9594389,54.894785,481.9213175,Angola,2000
115,5,39928,0,39933,0,0.678626224,0.029505488,235.6190251,0,235.6485306,Angola,2001
8,0,0,0,0,0,0.045664707,0,0,0,0,Angola,2002
15,0,0,825,825,0,0.082776889,0,0,4.552728878,4.552728878,Angola,2003
28,0,357000,1700,358700,0,0.149269645,0,1903.187973,9.062799872,1912.250773,Angola,2004
0,0,0,10000,10000,0,0,0,0,51.45621076,51.45621076,Angola,2005
0,0,0,225,225,0,0,0,0,1.11662531,1.11662531,Angola,2006
105,0,40000,6000,46000,0,0.502272184,0,191.3417843,28.70126764,220.0430519,Angola,2007
7,0,81400,0,81400,0,0.032264012,0,375.1843658,0,375.1843658,Angola,2008
62,0,220000,5065,225065,0,0.275384205,0,977.169761,22.49711291,999.6668739,Angola,2009
25,31,110875,78875,189781,0,0.107038877,0.132728207,474.7174174,337.7076554,812.557801,Angola,2010
130,0,90584,100,90684,0,0.53672433,0,373.9895132,0.412864869,374.4023781,Angola,2011
0,0,1833900,0,1833900,0,0,0,7304.046519,0,7304.046519,Angola,2012
9,0,1000,0,1000,0,0.034594096,0,3.843788438,0,3.843788438,Angola,2013
75,0,3000,2000,5000,0,0.268971453,0,10.75885813,7.172572084,17.93143021,Angola,2015
113,0,4744,5155,9899,0,0.391789751,0,16.44823521,17.87324041,34.32147563,Angola,2016
11,0,1446500,3750,1450250,2000,0.036891706,0,4851.259349,12.57671798,4863.836067,Angola,2017
8,0,3000,0,3000,0,0.025965596,0,9.737098345,0,9.737098345,Angola,2018
71,0,11985,4535,16520,0,0.223095051,0,37.65907306,14.24980361,51.90887667,Angola,2019
33,0,20600,0,20600,0,0.100406897,0,62.67824506,0,62.67824506,Angola,2020
0,0,115000,0,115000,0,0,0,4033.672396,0,4033.672396,Benin,1969
0,0,0,0,0,200,0,0,0,0,0,Benin,1970
2,200,4000,3000,7200,0,0.056753689,5.675368899,113.507378,85.13053348,204.3132804,Benin,1978
0,0,2100000,0,2100000,651,0,0,56497.17514,0,56497.17514,Benin,1980
0,0,500000,80000,580000,0,0,0,12729.12424,2036.659878,14765.78411,Benin,1982
0,0,0,0,0,0,0,0,0,0,0,Benin,1984
61,0,345000,130000,475000,4800,1.425566721,0,8062.631456,3038.093012,11100.72447,Benin,1985
0,0,68000,16000,84000,0,0,0,1455.167986,342.3924674,1797.560454,Benin,1988
3,0,0,0,0,0,0.058263741,0,0,0,0,Benin,1991
0,0,14000,20000,34000,0,0,0,245.0122506,350.0175009,595.0297515,Benin,1994
20,0,115000,8000,123000,3100,0.338638673,0,1947.172367,135.455469,2082.627836,Benin,1995
11,0,147901,826,148727,0,0.180505415,0,2426.993764,13.55431572,2440.54808,Benin,1996
0,0,51000,0,51000,0,0,0,811.843362,0,811.843362,Benin,1997
0,0,400000,20000,420000,0,0,0,6182.380216,309.1190108,6491.499227,Benin,1998
3,0,47000,10469,57469,215,0.045018007,0,705.2821128,157.0978391,862.379952,Benin,1999
10,0,10000,884,10884,0,0.118273211,0,118.2732111,10.45535186,128.728563,Benin,2007
15,0,158235,0,158235,0,0.172473267,0,1819.42049,0,1819.42049,Benin,2008
10,0,120457,0,120457,0,0.111794298,0,1346.640581,0,1346.640581,Benin,2009
46,1000,680000,150000,831000,0,0.500054354,10.87074682,7392.107838,1630.612023,9033.590608,Benin,2010
0,0,5840,0,5840,0,0,0,61.72709016,0,61.72709016,Benin,2011
4,0,55000,0,55000,0,0.041114195,0,565.3201768,0,565.3201768,Benin,2012
1,0,32735,2759,35494,0,0.009995002,0,327.1864068,27.57621189,354.7626187,Benin,2013
6,0,7000,0,7000,0,0.049491891,0,57.74054008,0,57.74054008,Benin,2020
0,0,60000,0,60000,0,0,0,10714.28571,0,10714.28571,Botswana,1965
0,0,60000,0,60000,1000,0,0,10050.25126,0,10050.25126,Botswana,1968
0,0,87600,0,87600,2000,0,0,13949.04459,0,13949.04459,Botswana,1970
0,0,1000,0,1000,50,0,0,149.9250375,0,149.9250375,Botswana,1972
0,0,1037300,0,1037300,0,0,0,111537.6344,0,111537.6344,Botswana,1981
8,7,12000,0,12007,0,0.666666667,0.583333333,1000,0,1000.583333,Botswana,1988
0,0,100000,0,100000,0,0,0,7770.00777,0,7770.00777,Botswana,1990
20,0,3500,2000,5500,0,1.361470388,0,238.2573179,136.1470388,374.4043567,Botswana,1995
3,0,106776,32000,138776,5000,0.182592818,0,6498.843579,1947.656726,8446.500304,Botswana,2000
0,0,4960,0,4960,0,0,0,280.8607022,0,280.8607022,Botswana,2004
0,0,5056,0,5056,0,0,0,258.8837686,0,258.8837686,Botswana,2009
0,0,0,0,0,0,0,0,0,0,0,Botswana,2011
12,0,4210,0,4210,0,0.581677169,0,204.0717402,0,204.0717402,Botswana,2013
0,0,0,0,0,44000,0,0,0,0,0,Botswana,2015
0,0,3250,0,3250,0,0,0,147.3922902,0,147.3922902,Botswana,2017
0,0,4225,0,4225,0,0,0,187.444543,0,187.444543,Botswana,2018
0,0,38000,0,38000,0,0,0,1649.305556,0,1649.305556,Botswana,2019
0,0,0,0,0,0,0,0,0,0,0,Burkina Faso,1910
0,0,0,0,0,0,0,0,0,0,0,Burkina Faso,1940
0,0,0,0,0,0,0,0,0,0,0,Burkina Faso,1966
0,0,975000,0,975000,0,0,0,17637.48191,0,17637.48191,Burkina Faso,1969
0,0,442000,0,442000,0,0,0,7044.947402,0,7044.947402,Burkina Faso,1976
0,0,0,900,900,0,0,0,0,14.06469761,14.06469761,Burkina Faso,1977
0,0,1250000,0,1250000,0,0,0,18320.38693,0,18320.38693,Burkina Faso,1980
0,0,1500,0,1500,0,0,0,19.91767362,0,19.91767362,Burkina Faso,1984
0,0,0,572,572,0,0,0,0,7.401656315,7.401656315,Burkina Faso,1985
16,0,223324,10000,233324,0,0.191479177,0,2672.618478,119.6744854,2792.292963,Burkina Faso,1988
0,0,2600000,0,2600000,0,0,0,29508.56883,0,29508.56883,Burkina Faso,1990
22,0,66500,0,66500,0,0.224101049,0,677.3963533,0,677.3963533,Burkina Faso,1994
0,0,75590,0,75590,0,0,0,749.1575818,0,749.1575818,Burkina Faso,1995
0,0,20700,0,20700,0,0,0,188.7136476,0,188.7136476,Burkina Faso,1998
6,0,800,760,1560,0,0.053177346,0,7.09031286,6.735797217,13.82611008,Burkina Faso,1999
0,0,0,0,0,0,0,0,0,0,0,Burkina Faso,2001
0,0,0,12120,12120,0,0,0,0,95.77242197,95.77242197,Burkina Faso,2003
0,0,15610,10000,25610,0,0,0,112.8787331,72.31180852,185.1905416,Burkina Faso,2006
52,73,92970,28000,121043,0,0.364861072,0.512208813,652.3294976,196.4636542,849.3053607,Burkina Faso,2007
6,18,560,4292,4870,0,0.040844112,0.122532335,3.812117086,29.21715453,33.15180395,Burkina Faso,2008
9,1000,150500,0,151500,150000,0.059441252,6.604583581,993.9898289,0,1000.594413,Burkina Faso,2009
16,0,133362,0,133362,176,0.10253124,0,854.6107017,0,854.6107017,Burkina Faso,2010
0,0,2850000,0,2850000,0,0,0,17721.67641,0,17721.67641,Burkina Faso,2011
18,0,0,21000,21000,0,0.108623499,0,0,126.7274154,126.7274154,Burkina Faso,2012
2,13,11383,0,11396,0,0.011714403,0.076143619,66.67252387,0,66.74866749,Burkina Faso,2013
0,0,4000000,0,4000000,0,0,0,22745.36563,0,22745.36563,Burkina Faso,2014
8,54,28871,0,28925,31000,0.04417205,0.298161338,159.4114074,0,159.7095688,Burkina Faso,2015
15,35,27826,7032,34893,0,0.080446208,0.187707819,149.2330795,37.71318245,187.1339698,Burkina Faso,2016
2,0,882,0,882,0,0.010420466,0,4.595425416,0,4.595425416,Burkina Faso,2017
13,43,2935500,3500,2939043,0,0.062191203,0.205709363,14043.25197,16.74378535,14060.20147,Burkina Faso,2020
12,0,3600,0,3600,0,0.22611645,0,67.83493499,0,67.83493499,Burundi,1989
6,0,680810,0,680810,0,0.095739588,0,10863.41152,0,10863.41152,Burundi,1999
0,0,0,500,500,0,0,0,0,7.838219157,7.838219157,Burundi,2000
0,0,8000,0,8000,0,0,0,119.3317422,0,119.3317422,Burundi,2002
0,0,0,0,0,0,0,0,0,0,0,Burundi,2003
3,0,0,25620,25620,0,0.042063937,0,0,359.2260236,359.2260236,Burundi,2004
120,0,2150000,5000,2155000,0,1.629327902,0,29192.12492,67.88866259,29260.01358,Burundi,2005
22,5,7000,9305,16310,0,0.289169295,0.065720294,92.0084122,122.3054679,214.3796004,Burundi,2006
5,6,2695,23000,25701,0,0.063597049,0.076316459,34.27880946,292.5464258,326.9015518,Burundi,2007
9,5,85770,0,85775,0,0.110755599,0.061530889,1055.500861,0,1055.562392,Burundi,2008
0,0,188000,0,188000,0,0,0,2238.628245,0,2238.628245,Burundi,2009
9,0,1990,1500,3490,0,0.10373444,0,22.93683725,17.28907331,40.22591056,Burundi,2010
12,50,685,0,735,0,0.133958473,0.558160304,7.64679616,0,8.204956463,Burundi,2011
96,182,0,12500,12682,2000,0.975213328,1.848841934,0,126.9809021,128.829744,Burundi,2014
63,0,4179,2870,7049,13000,0.62007874,0,41.13188976,28.2480315,69.37992126,Burundi,2015
6,0,0,810,810,0,0.055417013,0,0,7.481296758,7.481296758,Burundi,2017
0,0,47956,0,47956,0,0,0,429.1364653,0,429.1364653,Burundi,2018
61,40,13675,0,13715,0,0.529008759,0.34689099,118.593357,0,118.940248,Burundi,2019
5,19,41743,0,41762,0,0.042049383,0.159787654,351.0534758,0,351.2132635,Burundi,2020
0,0,13000,0,13000,0,0,0,686.0158311,0,686.0158311,Central African Republic,1973
0,50,900,900,1850,125,0,2.208480565,39.75265018,39.75265018,81.71378092,Central African Republic,1981
0,0,0,0,0,0,0,0,0,0,0,Central African Republic,1983
0,0,2042,1957,3999,0,0,0,63.3571207,60.71982625,124.0769469,Central African Republic,1995
7,0,16000,1500,17500,0,0.211608222,0,483.6759371,45.34461911,529.0205562,Central African Republic,1996
0,0,0,9200,9200,0,0,0,0,264.7482014,264.7482014,Central African Republic,1998
0,0,20000,25919,45919,0,0,0,562.1135469,728.4710512,1290.584598,Central African Republic,1999
3,0,0,3000,3000,0,0.080601827,0,0,80.60182697,80.60182697,Central African Republic,2001
1,0,0,750,750,0,0.026301946,0,0,19.72645976,19.72645976,Central African Republic,2002
0,0,0,240,240,0,0,0,0,6.183973203,6.183973203,Central African Republic,2003
3,0,0,12698,12698,0,0.075757576,0,0,320.6565657,320.6565657,Central African Republic,2004
1,7,0,23798,23805,0,0.024764735,0.173353145,0,589.3511639,589.5245171,Central African Republic,2005
1,0,6000,1812,7812,0,0.023820867,0,142.9252025,43.16341115,186.0886136,Central African Republic,2007
0,0,0,795,795,0,0,0,0,18.60519541,18.60519541,Central African Republic,2008
4,0,9137,14835,23972,0,0.092208391,0,210.6270171,341.97787,552.604887,Central African Republic,2009
3,0,1585,0,1585,0,0.068383861,0,36.12947344,0,36.12947344,Central African Republic,2010
1,1,4765,0,4766,0,0.022629554,0.022629554,107.8298258,0,107.8524553,Central African Republic,2011
0,23,0,3870,3893,0,0,0.518485122,0,87.24075744,87.75924256,Central African Republic,2012
0,34,41703,0,41737,0,0,0.764388489,937.567446,0,938.3318345,Central African Republic,2013
1,7,1109,0,1116,0,0.022256844,0.155797908,24.68283997,0,24.83863788,Central African Republic,2015
0,0,7190,0,7190,0,0,0,156.4403829,0,156.4403829,Central African Republic,2017
0,0,20000,0,20000,0,0,0,421.4963119,0,421.4963119,Central African Republic,2019
0,0,0,0,0,0,0,0,0,0,0,Chad,1910
0,0,0,0,0,0,0,0,0,0,0,Chad,1940
0,0,0,0,0,0,0,0,0,0,0,Chad,1966
0,0,900000,0,900000,83000,0,0,25224.21525,0,25224.21525,Chad,1969
13,100,0,0,100,0,0.305522914,2.350176263,0,0,2.350176263,Chad,1977
3000,0,1500000,0,1500000,0,66.45990253,0,33229.95126,0,33229.95126,Chad,1980
0,0,0,500,500,0,0,0,0,9.813542689,9.813542689,Chad,1985
54,48,48650,0,48698,157,0.966010733,0.858676208,870.3041145,0,871.1627907,Chad,1988
39,14,0,0,14,0,0.633425369,0.227383466,0,0,0.227383466,Chad,1991
0,0,300000,0,300000,0,0,0,4570.383912,0,4570.383912,Chad,1993
2,0,40343,40343,80686,0,0.02853067,0,575.5064194,575.5064194,1151.012839,Chad,1995
0,0,356000,0,356000,0,0,0,4744.768759,0,4744.768759,Chad,1997
0,0,0,1000,1000,0,0,0,0,12.87001287,12.87001287,Chad,1998
0,0,128506,45000,173506,0,0,0,1595.555004,558.7285821,2154.283586,Chad,1999
100,0,975763,0,975763,1000,1.152339249,0,11244.10002,0,11244.10002,Chad,2001
52,0,0,0,0,0,0.497274553,0,0,0,0,Chad,2006
29,145,173000,0,173145,0,0.268071732,1.340358661,1599.186541,0,1600.5269,Chad,2007
0,0,8000,6450,14450,0,0,0,71.53075823,57.67167382,129.202432,Chad,2008
6,0,2407120,5795,2412915,0,0.051903114,0,20822.83737,50.12975779,20872.96713,Chad,2009
24,0,144579,0,144579,0,0.200803213,0,1209.663655,0,1209.663655,Chad,2010
20,0,2213631,0,2213631,10000,0.15643332,0,17314.28236,0,17314.28236,Chad,2012
0,0,1886800,0,1886800,0,0,0,12564.42698,0,12564.42698,Chad,2017
52,37,423,0,460,0,0.32608014,0.232018561,2.652536527,0,2.884555089,Chad,2019
3,0,36934,0,36934,0,0.018263885,0,224.8527763,0,224.8527763,Chad,2020
17,0,0,0,0,0,15.55352242,0,0,0,0,Comoros,1903
500,0,0,0,0,0,306.7484663,0,0,0,0,Comoros,1951
1,0,20000,5000,25000,0,0.362318841,0,7246.376812,1811.594203,9057.971014,Comoros,1977
0,0,0,0,0,0,0,0,0,0,0,Comoros,1981
33,52,30000,0,30052,23000,9.821428571,15.47619048,8928.571429,0,8944.047619,Comoros,1983
2,0,35000,0,35000,5568,0.563380282,0,9859.15493,0,9859.15493,Comoros,1985
24,0,0,50000,50000,9000,6.366047745,0,0,13262.59947,13262.59947,Comoros,1987
0,0,0,0,0,5236,0,0,0,0,0,Comoros,1989
0,0,0,200,200,0,0,0,0,47.16981132,47.16981132,Comoros,1991
0,0,0,300,300,0,0,0,0,51.45797599,51.45797599,Comoros,2003
1,0,284000,0,284000,0,0.163398693,0,46405.22876,0,46405.22876,Comoros,2005
0,0,0,0,0,0,0,0,0,0,0,Comoros,2006
2,0,2500,0,2500,0,0.29717682,0,371.4710253,0,371.4710253,Comoros,2009
4,150,64987,0,65137,5000,0.552486188,20.71823204,8976.104972,0,8996.823204,Comoros,2012
0,0,19511,0,19511,0,0,0,2570.619236,0,2570.619236,Comoros,2014
8,180,345131,0,345311,0,0.940070505,21.15158637,40555.9342,0,40577.08578,Comoros,2019
154,0,500,168,668,0,12.62295082,0,40.98360656,13.7704918,54.75409836,Congo,1967
0,0,0,0,0,0,0,0,0,0,0,Congo,1983
0,0,16500,0,16500,0,0,0,626.899696,0,626.899696,Congo,1994
0,0,20000,0,20000,59,0,0,677.5067751,0,677.5067751,Congo,1998
2,0,40000,2000,42000,0,0.065832785,0,1316.655695,65.83278473,1382.488479,Congo,1999
0,0,5000,48000,53000,0,0,0,151.0574018,1450.151057,1601.208459,Congo,2002
1,0,0,2000,2000,0,0.027601435,0,0,55.20287055,55.20287055,Congo,2005
6,0,0,5000,5000,0,0.160213618,0,0,133.5113485,133.5113485,Congo,2006
0,0,20000,5000,25000,0,0,0,515.995872,128.998968,644.99484,Congo,2007
19,89,2025,7500,9614,0,0.421286031,1.973392461,44.90022173,166.2971175,213.1707317,Congo,2012
0,0,213000,0,213000,0,0,0,3958.37205,0,3958.37205,Congo,2019
20,0,66000,0,66000,0,0.36244412,0,1196.065597,0,1196.065597,Congo,2020
0,0,0,0,0,0,0,0,0,0,0,Cote d'Ivoire,1980
0,0,7000,0,7000,0,0,0,60.85898105,0,60.85898105,Cote d'Ivoire,1989
28,0,0,0,0,0,0.190930788,0,0,0,0,Cote d'Ivoire,1996
0,0,2000,0,2000,0,0,0,10.43242397,0,10.43242397,Cote d'Ivoire,2007
6,0,450,0,450,0,0.030602877,0,2.29521575,0,2.29521575,Cote d'Ivoire,2008
27,6,0,10000,10006,0,0.134602921,0.02991176,0,49.85293385,49.88284561,Cote d'Ivoire,2009
18,0,6425,0,6425,0,0.087663761,0,31.29109239,0,31.29109239,Cote d'Ivoire,2010
46,0,0,0,0,0,0.203108442,0,0,0,0,Cote d'Ivoire,2014
16,0,0,0,0,0,0.068888315,0,0,0,0,Cote d'Ivoire,2015
20,0,0,0,0,0,0.083952483,0,0,0,0,Cote d'Ivoire,2016
15,25,200,0,225,0,0.06138233,0.102303883,0.818431068,0,0.920734951,Cote d'Ivoire,2017
20,0,25000,0,25000,0,0.079779808,0,99.72475966,0,99.72475966,Cote d'Ivoire,2018
12,32,14002,612,14646,0,0.046661741,0.12443131,54.44647509,2.379748804,56.95065521,Cote d'Ivoire,2019
24,32,16525,2100,18657,0,0.090983963,0.121311951,62.64624961,7.961096774,70.72865834,Cote d'Ivoire,2020
24,600,3000,0,3600,200,0.134363453,3.359086329,16.79543164,0,20.15451797,Democratic Republic of Congo,1966
154,0,600,168,768,0,0.814211695,0,3.172253357,0.88823094,4.060484297,Democratic Republic of Congo,1968
147,0,0,60000,60000,0,0.606210565,0,0,247.4328838,247.4328838,Democratic Republic of Congo,1977
0,0,500000,0,500000,0,0,0,2003.526206,0,2003.526206,Democratic Republic of Congo,1978
0,0,300000,0,300000,0,0,0,1056.189269,0,1056.189269,Democratic Republic of Congo,1983
0,0,148,0,148,0,0,0,0.4422531,0,0.4422531,Democratic Republic of Congo,1989
23,500,15000,12000,27500,0,0.066450942,1.444585693,43.33757078,34.67005663,79.45221311,Democratic Republic of Congo,1990
9,61,0,250,311,0,0.024106712,0.163389939,0,0.669630899,0.833020839,Democratic Republic of Congo,1992
39,0,0,50,50,0,0.096887189,0,0,0.124214344,0.124214344,Democratic Republic of Congo,1994
0,0,26000,9506,35506,0,0,0,59.32416091,21.68982591,81.01398681,Democratic Republic of Congo,1997
2,0,65000,13000,78000,0,0.004355401,0,141.5505226,28.31010453,169.8606272,Democratic Republic of Congo,1999
62,26,13000,0,13026,0,0.128022466,0.053686841,26.84342026,0,26.89710711,Democratic Republic of Congo,2001
240,440,2500,110000,112940,9000,0.481231954,0.882258582,5.012832852,220.5646455,226.4597369,Democratic Republic of Congo,2002
29,2573,0,21481,24054,0,0.056391708,5.003305721,0,41.77069965,46.77400537,Democratic Republic of Congo,2003
14,8,0,6886,6894,0,0.025553974,0.014602271,0,12.56890446,12.58350674,Democratic Republic of Congo,2005
4,66,84370,3600,88036,0,0.007069886,0.116653116,149.1215667,6.362897239,155.601117,Democratic Republic of Congo,2006
32,100,1500,0,1600,0,0.054743901,0.171074691,2.566120368,0,2.737195059,Democratic Republic of Congo,2007
36,10,17355,500,17865,7000,0.059591796,0.016553277,28.72821175,0.827663836,29.57242886,Democratic Republic of Congo,2008
0,0,5000,125,5125,0,0,0,8.006533331,0.200163333,8.206696664,Democratic Republic of Congo,2009
54,7,68700,5730,74437,0,0.083637941,0.010841955,106.4060467,8.874914813,115.2918035,Democratic Republic of Congo,2010
0,0,6000,2000,8000,0,0,0,8.98809078,2.99603026,11.98412104,Democratic Republic of Congo,2011
1,0,3525,1010,4535,0,0.001448834,0,5.107141305,1.463322757,6.570464062,Democratic Republic of Congo,2012
165,1000,0,3750,4750,15000,0.223677254,1.355619722,0,5.083573956,6.439193677,Democratic Republic of Congo,2014
55,30,247823,100,247953,0,0.072135878,0.039346842,325.0350843,0.131156141,325.2055873,Democratic Republic of Congo,2015
50,7,2628,10000,12635,0,0.063460635,0.008884489,3.335490995,12.69212707,16.03650256,Democratic Republic of Congo,2016
279,10,0,500,510,0,0.342756054,0.012285163,0,0.61425816,0.626543324,Democratic Republic of Congo,2017
51,17,0,15743,15760,0,0.060665176,0.020221725,0,18.72650711,18.74672884,Democratic Republic of Congo,2018
80,54,399840,450,400344,0,0.092175456,0.062218433,460.692929,0.51848694,461.2736344,Democratic Republic of Congo,2019
83,84,231422,0,231506,0,0.092673849,0.093790401,258.394788,0,258.4885784,Democratic Republic of Congo,2020
0,0,85000,6000,91000,2500,0,0,30685.92058,2166.064982,32851.98556,Djibouti,1977
0,0,100000,6000,106000,0,0,0,32467.53247,1948.051948,34415.58442,Djibouti,1978
0,0,145000,0,145000,0,0,0,40389.97214,0,40389.97214,Djibouti,1980
25,0,102000,0,102000,0,6.666666667,0,27200,0,27200,Djibouti,1981
0,0,80000,0,80000,0,0,0,20304.56853,0,20304.56853,Djibouti,1983
0,0,30000,0,30000,0,0,0,5671.077505,0,5671.077505,Djibouti,1988
10,300,150000,0,150300,1100,1.773049645,53.19148936,26595.74468,0,26648.93617,Djibouti,1989
0,0,20000,0,20000,0,0,0,3231.017771,0,3231.017771,Djibouti,1993
145,0,100000,20000,120000,2119,23.31189711,0,16077.17042,3215.434084,19292.6045,Djibouti,1994
0,0,775,0,775,0,0,0,123.015873,0,123.015873,Djibouti,1995
0,0,100000,0,100000,0,0,0,15527.95031,0,15527.95031,Djibouti,1996
0,0,100000,0,100000,0,0,0,14285.71429,0,14285.71429,Djibouti,1999
51,0,98500,1500,100000,0,6.606217617,0,12759.06736,194.3005181,12953.36788,Djibouti,2004
0,0,150000,0,150000,0,0,0,19157.08812,0,19157.08812,Djibouti,2005
0,0,42750,0,42750,0,0,0,5310.559006,0,5310.559006,Djibouti,2007
0,0,340000,0,340000,0,0,0,41666.66667,0,41666.66667,Djibouti,2008
0,0,200258,0,200258,0,0,0,23840.2381,0,23840.2381,Djibouti,2010
2,0,25000,0,25000,0,0.208550574,0,2606.882169,0,2606.882169,Djibouti,2018
11,0,250000,0,250000,0,1.12936345,0,25667.35113,0,25667.35113,Djibouti,2019
8,0,110000,0,110000,0,0.80971496,0,11133.5807,0,11133.5807,Djibouti,2020
12,0,0,0,0,0,0.084211147,0,0,0,0,Egypt,1926
0,0,0,0,0,0,0,0,0,0,0,Egypt,1954
20,28,0,0,28,0,0.086121517,0.120570124,0,0,0.120570124,Egypt,1955
2,16,0,535,551,0,0.00593419,0.047473519,0,1.587395781,1.634869299,Egypt,1969
15,0,0,0,0,0,0.038911515,0,0,0,0,Egypt,1975
53,0,81000,0,81000,14000,0.125393333,0,191.6388672,0,191.6388672,Egypt,1979
30,11,0,0,11,0,0.057701185,0.021157101,0,0,0.021157101,Egypt,1987
1,8,0,200,208,0,0.001741402,0.013931215,0,0.348280366,0.36221158,Egypt,1991
552,9929,57700,25020,92649,1200000,0.940903745,16.92433566,98.35171391,42.64748496,157.9235345,Egypt,1992
34,0,300,0,300,0,0.056779279,0,0.500993637,0,0.500993637,Egypt,1993
600,0,110660,50000,160660,140000,0.982061019,0,181.1247872,81.83841823,262.9632054,Egypt,1994
49,69,0,3000,3069,0,0.078608785,0.110694003,0,4.812782751,4.923476754,Egypt,1995
34,0,260,0,260,0,0.053457438,0,0.408792176,0,0.408792176,Egypt,1996
22,60,0,0,60,2000,0.033902484,0.09246132,0,0,0.09246132,Egypt,1997
3,105,0,0,105,0,0.004358438,0.152545328,0,0,0.152545328,Egypt,2000
18,70,1050,0,1120,0,0.025180108,0.097922641,1.468839617,0,1.566762258,Egypt,2002
13,42,0,0,42,0,0.01752683,0.056625142,0,0,0.056625142,Egypt,2004
98,72,0,625,697,0,0.123059923,0.090411372,0,0.784820935,0.875232307,Egypt,2008
58,40,3500,0,3540,0,0.070081318,0.048331944,4.229045082,0,4.277377025,Egypt,2010
141,101,100,0,201,100000,0.152526422,0.109256515,0.108174767,0,0.217431282,Egypt,2015
26,72,32500,0,32572,25000,0.027528667,0.076233231,34.41083359,0,34.48706682,Egypt,2016
40,400,20000,0,20400,76000,0.039087539,0.390875393,19.54376965,0,19.93464505,Egypt,2020
3,16,1600000,15659,1615675,5165,0.133988388,0.714604734,71460.47343,699.3747209,72160.56275,Eritrea,1993
0,0,2300000,0,2300000,0,0,0,102816.2718,0,102816.2718,Eritrea,1999
0,0,0,0,0,0,0,0,0,0,0,Eritrea,2003
0,13,7000,0,7013,0,0,0.477941176,257.3529412,0,257.8308824,Eritrea,2004
0,0,1700000,0,1700000,0,0,0,55501.14267,0,55501.14267,Eritrea,2008
500,0,0,0,0,0,82.23684211,0,0,0,0,Eswatini,1981
53,0,632000,500,632500,54152,7.851851852,0,93629.62963,74.07407407,93703.7037,Eswatini,1984
0,0,250000,0,250000,1739,0,0,30413.6253,0,30413.6253,Eswatini,1990
0,0,272000,0,272000,50,0,0,27064.67662,0,27064.67662,Eswatini,2000
0,0,970000,0,970000,0,0,0,95660.74951,0,95660.74951,Eswatini,2001
0,0,890,260,1150,0,0,0,86.32395732,25.21823472,111.542192,Eswatini,2005
1,0,6535,0,6535,0,0.096525097,0,630.7915058,0,630.7915058,Eswatini,2006
2,0,411500,0,411500,0,0.191754554,0,39453.49952,0,39453.49952,Eswatini,2007
0,0,2500,0,2500,0,0,0,238.0952381,0,238.0952381,Eswatini,2008
11,0,400,0,400,0,1.00456621,0,36.52968037,0,36.52968037,Eswatini,2014
0,0,492000,0,492000,0,0,0,44165.17056,0,44165.17056,Eswatini,2016
0,0,232000,0,232000,0,0,0,20209.05923,0,20209.05923,Eswatini,2019
30,0,0,0,0,0,0.132327643,0,0,0,0,Ethiopia,1961
2000,0,1500000,0,1500000,0,7.995522507,0,5996.641881,0,5996.641881,Ethiopia,1965
1,0,10000,6000,16000,920,0.003711401,0,37.11401425,22.26840855,59.3824228,Ethiopia,1968
24,165,1700000,420,1700585,1320,0.08678986,0.596680288,6147.615087,1.518822551,6149.73059,Ethiopia,1969
100000,0,3000000,0,3000000,76000,322.1960885,0,9665.882656,0,9665.882656,Ethiopia,1973
0,0,50000,20000,70000,0,0,0,150.9297271,60.37189085,211.301618,Ethiopia,1976
71,0,16000,0,16000,0,0.211454269,0,47.65166632,0,47.65166632,Ethiopia,1977
9,0,1000,0,1000,0,0.026476039,0,2.941782132,0,2.941782132,Ethiopia,1978
0,0,20000,0,20000,0,0,0,55.57871335,0,55.57871335,Ethiopia,1981
300000,0,7750000,0,7750000,0,786.5139082,0,20318.27596,0,20318.27596,Ethiopia,1983
9,0,8000,20000,28000,0,0.022139132,0,19.67922857,49.19807144,68.87730001,Ethiopia,1985
367,0,7000000,0,7000000,0,0.847007778,0,16155.4617,0,16155.4617,Ethiopia,1987
45,0,47240,0,47240,0,0.100542932,0,105.5477355,0,105.5477355,Ethiopia,1988
0,0,6500000,0,6500000,0,0,0,14047.37206,0,14047.37206,Ethiopia,1989
0,0,350000,0,350000,0,0,0,730.8720347,0,730.8720347,Ethiopia,1990
13,0,0,0,0,0,0.026204394,0,0,0,0,Ethiopia,1991
2,0,30000,4800,34800,0,0.003752627,0,56.28940258,9.006304413,65.29570699,Ethiopia,1993
26,24,43000,19,43043,3500,0.047117667,0.043493231,77.92537286,0.034432141,78.00329824,Ethiopia,1994
27,0,93875,0,93875,500,0.047328565,0,164.5544103,0,164.5544103,Ethiopia,1995
40,0,90000,25000,115000,0,0.067930168,0,152.8428775,42.45635487,195.2992324,Ethiopia,1996
326,22,1051200,0,1051222,0,0.53709409,0.036245613,1731.881312,0,1731.917558,Ethiopia,1997
0,0,0,0,0,15600,0,0,0,0,0,Ethiopia,1998
48,0,4922255,125000,5047255,2700,0.07460019,0,7650.02409,194.2713271,7844.295417,Ethiopia,1999
73,5,30000,165,30170,0,0.110230276,0.007550019,45.30011325,0.249150623,45.55681389,Ethiopia,2000
5,0,39500,0,39500,0,0.007335788,0,57.95272818,0,57.95272818,Ethiopia,2001
22,0,4000,0,4000,0,0.031364945,0,5.702717345,0,5.702717345,Ethiopia,2002
119,0,12710000,0,12710000,0,0.164886173,0,17610.95177,0,17610.95177,Ethiopia,2003
211,0,2851418,0,2851418,6200,0.276373353,0,3734.862337,0,3734.862337,Ethiopia,2005
951,96,434050,0,434146,3200,1.211634751,0.122310133,553.0074278,0,553.1297379,Ethiopia,2006
22,0,247386,0,247386,0,0.027270248,0,306.6489823,0,306.6489823,Ethiopia,2007
45,35,6515595,810,6516440,0,0.054271793,0.042211395,7858.067201,0.976892277,7859.086304,Ethiopia,2008
0,0,6200000,0,6200000,0,0,0,7274.092498,0,7274.092498,Ethiopia,2009
19,0,4886379,0,4886379,0,0.021679598,0,5575.512323,0,5575.512323,Ethiopia,2010
0,0,1040200,0,1040200,0,0,0,1153.982694,0,1153.982694,Ethiopia,2011
0,0,51500,0,51500,2200,0,0,53.99115174,0,53.99115174,Ethiopia,2013
0,0,10410600,0,10410600,1400000,0,0,10324.39133,0,10324.39133,Ethiopia,2015
128,80,492000,1000,493080,0,0.123548546,0.077217841,474.8897233,0.965223015,475.9321641,Ethiopia,2016
44,21,0,0,21,36,0.040284187,0.019226544,0,0,0.019226544,Ethiopia,2018
23,0,200000,0,200000,0,0.020521239,0,178.4455607,0,178.4455607,Ethiopia,2019
34,0,1229854,0,1229854,0,0.029574583,0,1069.777027,0,1069.777027,Ethiopia,2020
0,0,10000,0,10000,0,0,0,1113.585746,0,1113.585746,Gabon,1988
0,0,0,800,800,0,0,0,0,50.98789038,50.98789038,Gabon,2009
0,0,3530,0,3530,0,0,0,217.364532,0,217.364532,Gabon,2010
1,0,77845,0,77845,0,0.057142857,0,4448.285714,0,4448.285714,Gabon,2012
0,0,0,0,0,0,0,0,0,0,0,Gambia,1910
0,0,0,0,0,0,0,0,0,0,0,Gambia,1940
0,0,180000,0,180000,500,0,0,41002.2779,0,41002.2779,Gambia,1968
0,0,150000,0,150000,200,0,0,33259.4235,0,33259.4235,Gambia,1969
0,0,0,5000,5000,0,0,0,0,986.1932939,986.1932939,Gambia,1973
0,0,0,0,0,0,0,0,0,0,0,Gambia,1976
0,0,500000,0,500000,0,0,0,78492.93564,0,78492.93564,Gambia,1980
0,0,4000,0,4000,0,0,0,343.6426117,0,343.6426117,Gambia,1996
53,0,27000,5000,32000,0,4.150352388,0,2114.330462,391.5426782,2505.87314,Gambia,1999
1,0,250,0,250,0,0.073529412,0,18.38235294,0,18.38235294,Gambia,2001
0,0,0,0,0,0,0,0,0,0,0,Gambia,2002
3,19,8000,0,8019,0,0.206896552,1.310344828,551.7241379,0,553.0344828,Gambia,2003
2,112,6025,0,6137,0,0.133600534,7.481629927,402.4716099,0,409.9532398,Gambia,2004
0,0,300,0,300,0,0,0,18.29268293,0,18.29268293,Gambia,2007
0,0,300,400,700,0,0,0,17.76198934,23.68265246,41.4446418,Gambia,2008
5,0,16608,0,16608,0,0.287356322,0,954.4827586,0,954.4827586,Gambia,2009
9,0,38961,0,38961,0,0.501952036,0,2172.950363,0,2172.950363,Gambia,2010
0,0,428000,0,428000,0,0,0,22467.1916,0,22467.1916,Gambia,2012
2,0,3300,0,3300,0,0.101832994,0,168.0244399,0,168.0244399,Gambia,2013
0,0,63100,0,63100,0,0,0,3024.928092,0,3024.928092,Gambia,2015
6,0,20000,0,20000,0,0.27100271,0,903.3423668,0,903.3423668,Gambia,2017
4,101,15000,0,15101,0,0.170357751,4.30153322,638.8415673,0,643.1431005,Gambia,2019
22,130,0,7500,7630,0,0.575166406,3.398710581,0,196.0794566,199.4781672,Ghana,1939
0,0,25000,0,25000,74700,0,0,300.4085556,0,300.4085556,Ghana,1968
0,0,12000,0,12000,100,0,0,133.7345369,0,133.7345369,Ghana,1971
0,0,0,0,0,0,0,0,0,0,0,Ghana,1977
0,0,12500000,0,12500000,0,0,0,113060.7815,0,113060.7815,Ghana,1980
4,0,1500,0,1500,0,0.031289111,0,11.73341677,0,11.73341677,Ghana,1985
7,0,2800,0,2800,0,0.048770292,0,19.50811677,0,19.50811677,Ghana,1989
5,0,2000000,0,2000000,0,0.032879595,0,13151.83797,0,13151.83797,Ghana,1991
145,0,500000,200000,700000,12500,0.852239332,0,2938.756318,1175.502527,4114.258846,Ghana,1995
52,29,291573,33000,324602,21000,0.276419307,0.154156921,1549.930895,175.4199447,1725.504997,Ghana,1999
12,25,139000,5000,144025,0,0.060737966,0.12653743,703.5481095,25.30748595,728.9821329,Ghana,2001
4,0,2200,0,2200,0,0.019756989,0,10.86634397,0,10.86634397,Ghana,2002
56,0,332600,0,332600,0,0.243859955,0,1448.353945,0,1448.353945,Ghana,2007
0,0,58000,0,58000,0,0,0,246.1381769,0,246.1381769,Ghana,2008
40,0,159545,0,159545,0,0.165487568,0,660.0678499,0,660.0678499,Ghana,2009
63,0,17174,0,17174,0,0.254237288,0,69.30589185,0,69.30589185,Ghana,2010
20,12,94032,0,94044,0,0.078777375,0.047266425,370.3797069,0,370.4269734,Ghana,2011
5,0,25000,0,25000,0,0.018791341,0,93.95670475,0,93.95670475,Ghana,2013
25,0,0,5000,5000,12000,0.08976983,0,0,17.95396603,17.95396603,Ghana,2015
10,0,0,0,0,0,0.035109894,0,0,0,0,Ghana,2016
20,12,1000000,0,1000012,0,0.06867896,0.041207376,3433.94801,0,3433.989217,Ghana,2017
34,0,100000,0,100000,0,0.114220445,0,335.9424866,0,335.9424866,Ghana,2018
32,19,26083,0,26102,0,0.105200868,0.062463015,85.74856993,0,85.81103294,Ghana,2019
0,0,0,0,0,0,0,0,0,0,0,Guinea,1980
0,0,5000,0,5000,0,0,0,100.6036217,0,100.6036217,Guinea,1981
275,1436,20000,0,21436,0,5.293551492,27.64196343,384.985563,0,412.6275265,Guinea,1983
0,0,6066,0,6066,0,0,0,87.95128317,0,87.95128317,Guinea,1993
12,0,0,0,0,0,0.152652334,0,0,0,0,Guinea,1998
4,0,0,0,0,0,0.048537799,0,0,0,0,Guinea,2000
9,0,220000,0,220000,0,0.106926458,0,2613.757871,0,2613.757871,Guinea,2001
0,0,0,777,777,0,0,0,0,8.704907013,8.704907013,Guinea,2004
0,0,1200,0,1200,0,0,0,12.89352101,0,12.89352101,Guinea,2006
0,0,20685,0,20685,0,0,0,217.3250683,0,217.3250683,Guinea,2007
0,0,4200,0,4200,0,0,0,43.12557757,0,43.12557757,Guinea,2008
2,0,40000,0,40000,0,0.02007226,0,401.4452027,0,401.4452027,Guinea,2009
8,6,48020,0,48026,0,0.078492936,0.058869702,471.1538462,0,471.2127159,Guinea,2010
0,0,16143,4000,20143,0,0,0,154.9232246,38.38771593,193.3109405,Guinea,2011
0,0,11106,0,11106,0,0,0,101.9553842,0,101.9553842,Guinea,2013
16,41,30079,0,30120,0,0.139958013,0.358642407,263.1123163,0,263.4709587,Guinea,2015
0,13,3274,0,3287,0,0,0.107722904,27.12959894,0,27.23732184,Guinea,2017
0,5,49536,0,49541,0,0,0.038072635,377.1932122,0,377.2312849,Guinea,2020
0,0,0,0,0,0,0,0,0,0,0,Guinea-Bissau,1910
0,0,0,0,0,0,0,0,0,0,0,Guinea-Bissau,1940
0,0,0,0,0,0,0,0,0,0,0,Guinea-Bissau,1969
0,0,0,0,0,0,0,0,0,0,0,Guinea-Bissau,1980
1,3,0,3700,3703,0,0.109529025,0.328587076,0,405.2573932,405.5859803,Guinea-Bissau,1987
0,0,1722,0,1722,0,0,0,165.1006711,0,165.1006711,Guinea-Bissau,1993
3,0,1200,300,1500,0,0.259965338,0,103.9861352,25.9965338,129.982669,Guinea-Bissau,1998
0,0,100000,0,100000,0,0,0,7974.481659,0,7974.481659,Guinea-Bissau,2002
0,0,0,0,0,0,0,0,0,0,0,Guinea-Bissau,2003
3,0,0,1000,1000,0,0.228484387,0,0,76.1614623,76.1614623,Guinea-Bissau,2004
0,0,32000,0,32000,0,0,0,2322.206096,0,2322.206096,Guinea-Bissau,2006
0,0,0,750,750,0,0,0,0,51.83137526,51.83137526,Guinea-Bissau,2008
2,0,56792,0,56792,0,0.131319764,0,3728.956008,0,3728.956008,Guinea-Bissau,2010
3,0,11541,0,11541,0,0.160085379,0,615.8484525,0,615.8484525,Guinea-Bissau,2018
0,0,15000,0,15000,0,0,0,162.636886,0,162.636886,Kenya,1964
0,0,260000,0,260000,0,0,0,2728.226653,0,2728.226653,Kenya,1965
0,0,0,0,0,50,0,0,0,0,0,Kenya,1968
0,0,150000,0,150000,1500,0,0,1280.628362,0,1280.628362,Kenya,1971
0,0,16000,0,16000,0,0,0,117.8550383,0,117.8550383,Kenya,1975
100,0,20000,0,20000,10000,0.68310677,0,136.6213539,0,136.6213539,Kenya,1977
0,0,40000,0,40000,0,0,0,253.1966072,0,253.1966072,Kenya,1979
75,0,3000,0,3000,0,0.422868742,0,16.91474966,0,16.91474966,Kenya,1982
0,0,600000,0,600000,0,0,0,3255.208333,0,3255.208333,Kenya,1983
50,0,0,0,0,0,0.225692877,0,0,0,0,Kenya,1988
44,0,0,0,0,0,0.185458377,0,0,0,0,Kenya,1990
0,0,2700000,0,2700000,0,0,0,11010.52116,0,11010.52116,Kenya,1991
0,0,1200000,0,1200000,0,0,0,4452.524953,0,4452.524953,Kenya,1994
0,0,1600000,1000,1601000,0,0,0,5596.558117,3.497848823,5600.055966,Kenya,1996
86,0,900000,0,900000,11800,0.2923579,0,3059.559423,0,3059.559423,Kenya,1997
40,0,0,200,200,0,0.132231405,0,0,0.661157025,0.661157025,Kenya,1998
85,0,23000000,0,23000000,0,0.273320686,0,73957.36197,0,73957.36197,Kenya,1999
4,0,0,0,0,38,0.012176931,0,0,0,0,Kenya,2001
101,8,175000,0,175008,0,0.299241526,0.023702299,518.4877933,0,518.5114956,Kenya,2002
40,0,60300,0,60300,0,0.11534358,0,173.8804464,0,173.8804464,Kenya,2003
135,0,2312000,0,2312000,100000,0.378841027,0,6488.003367,0,6488.003367,Kenya,2004
53,0,3536200,0,3536200,500,0.144709898,0,9655.153584,0,9655.153584,Kenya,2005
212,0,783300,0,783300,0,0.563095965,0,2080.533347,0,2080.533347,Kenya,2006
39,7,42650,0,42657,0,0.100759572,0.018085051,110.1896347,0,110.2077197,Kenya,2007
69,20,3862438,0,3862458,0,0.173401689,0.050261359,9706.56916,0,9706.619421,Kenya,2008
56,0,136200,0,136200,0,0.13691262,0,332.9910518,0,332.9910518,Kenya,2009
204,0,4511164,0,4511164,0,0.485356047,0,10732.94473,0,10732.94473,Kenya,2010
33,0,3845692,5000,3850692,0,0.07642781,0,8906.600584,11.57997128,8918.180555,Kenya,2011
73,0,280670,0,280670,100000,0.164625758,0,632.9522134,0,632.9522134,Kenya,2012
128,20,115780,0,115800,36000,0.281195079,0.043936731,254.3497364,0,254.3936731,Kenya,2013
0,0,1600000,0,1600000,0,0,0,3426.124197,0,3426.124197,Kenya,2014
138,73,245226,0,245299,0,0.288232591,0.152470863,512.1893145,0,512.3417854,Kenya,2015
42,0,3410000,1000,3411000,0,0.08562342,0,6951.806246,2.038652858,6953.844899,Kenya,2016
26,0,25000,0,25000,0,0.051771171,0,49.77997252,0,49.77997252,Kenya,2017
134,33,211155,0,211188,350000,0.260735898,0.064211079,410.8633471,0,410.9275582,Kenya,2018
187,0,2833339,120,2833459,0,0.355689124,0,5389.239928,0.228249705,5389.468178,Kenya,2019
285,0,810655,0,810655,10000,0.530022521,0,1507.597919,0,1507.597919,Kenya,2020
0,0,204000,0,204000,1000,0,0,20731.70732,0,20731.70732,Lesotho,1968
0,0,500000,0,500000,0,0,0,34411.56228,0,34411.56228,Lesotho,1983
0,0,80000,0,80000,0,0,0,5242.463958,0,5242.463958,Lesotho,1985
18,0,100000,0,100000,0,1.127819549,0,6265.66416,0,6265.66416,Lesotho,1987
0,0,0,0,0,0,0,0,0,0,0,Lesotho,1989
22,0,331500,0,331500,0,1.291079812,0,19454.22535,0,19454.22535,Lesotho,1990
0,0,230,20,250,0,0,0,11.89245088,1.034126163,12.92657704,Lesotho,1996
1,1,1000,1000,2001,0,0.049115914,0.049115914,49.11591356,49.11591356,98.28094303,Lesotho,2001
0,0,500000,0,500000,0,0,0,24630.54187,0,24630.54187,Lesotho,2002
0,0,475000,0,475000,0,0,0,23905.385,0,23905.385,Lesotho,2007
0,0,4500,0,4500,0,0,0,226.4720684,0,226.4720684,Lesotho,2008
26,0,730515,0,730515,0,1.29740519,0,36452.84431,0,36452.84431,Lesotho,2011
0,0,0,2600,2600,0,0,0,0,127.2638277,127.2638277,Lesotho,2014
0,0,709000,0,709000,0,0,0,34168.6747,0,34168.6747,Lesotho,2016
0,0,433000,0,433000,0,0,0,20376.47059,0,20376.47059,Lesotho,2019
0,0,766000,0,766000,0,0,0,35756.76438,0,35756.76438,Lesotho,2020
0,0,0,0,0,0,0,0,0,0,0,Liberia,1980
46,0,200,0,200,0,2.31271996,0,10.05530417,0,10.05530417,Liberia,1982
0,0,1000000,0,1000000,47000,0,0,48169.55684,0,48169.55684,Liberia,1990
0,0,0,2000,2000,0,0,0,0,97.799511,97.799511,Liberia,1995
10,0,5000,0,5000,0,0.397298371,0,198.6491855,0,198.6491855,Liberia,1998
1,0,17000,3500,20500,0,0.028885038,0,491.0456384,101.0976314,592.1432698,Liberia,2007
0,0,0,340,340,0,0,0,0,9.423503326,9.423503326,Liberia,2008
2,0,584,0,584,0,0.053276505,0,15.55673948,0,15.55673948,Liberia,2009
1,0,15486,0,15486,0,0.025700334,0,397.9953739,0,397.9953739,Liberia,2010
0,0,15431,0,15431,0,0,0,336.4072378,0,336.4072378,Liberia,2016
300,375,0,5000,5375,5000,18.66832607,23.33540759,0,311.1387679,334.4741755,Libya,1963
0,0,0,0,0,42200,0,0,0,0,0,Libya,1995
16,0,2000,0,2000,0,0.253164557,0,31.64556962,0,31.64556962,Libya,2013
4,30,20000,0,20030,7100,0.059023167,0.442673749,295.115833,0,295.5585067,Libya,2019
29,0,65000,10000,75000,3100,0.465190889,0,1042.669233,160.4106513,1203.079885,Madagascar,1968
81,40,40000,3000,43040,5000,1.265229616,0.624804749,624.8047485,46.86035614,672.2899094,Madagascar,1969
70,0,10000,0,10000,11400,1.064476886,0,152.0681265,0,152.0681265,Madagascar,1970
91,56,2500000,10000,2510056,12420,1.30991795,0.806103354,35986.75687,143.9470275,36131.51,Madagascar,1972
7,50,10000,0,10050,0,0.092641609,0.661725781,132.3451562,0,133.0068819,Madagascar,1975
16,26,500000,8850,508876,17000,0.205840731,0.334491187,6432.522835,113.8556542,6546.712981,Madagascar,1976
10,0,30000,0,30000,350000,0.125031258,0,375.0937734,0,375.0937734,Madagascar,1977
70,0,18000,0,18000,29000,0.85054678,0,218.7120292,0,218.7120292,Madagascar,1978
107,0,1118000,0,1118000,250000,1.192732137,0,12462.37878,0,12462.37878,Madagascar,1981
92,0,0,70000,70000,250000,0.996317955,0,0,758.0680095,758.0680095,Madagascar,1982
42,0,13560,0,13560,25000,0.441919192,0,142.6767677,0,142.6767677,Madagascar,1983
68,215,100000,0,100215,250000,0.695225437,2.19813925,1022.390349,0,1024.588488,Madagascar,1984
99,424,112108,0,112532,150000,0.95633694,4.095826893,1082.959815,0,1087.055641,Madagascar,1986
200,0,950000,0,950000,0,1.826150475,0,8674.214755,0,8674.214755,Madagascar,1988
46,0,55346,0,55346,0,0.408199485,0,491.134972,0,491.134972,Madagascar,1989
36,0,125000,125000,250000,0,0.301431801,0,1046.638198,1046.638198,2093.276396,Madagascar,1991
212,51,500000,40000,540051,10200,1.622407592,0.390296166,3826.432999,306.1146399,4132.937935,Madagascar,1994
9,0,100000,0,100000,0,0.06473423,0,719.2692225,0,719.2692225,Madagascar,1996
174,0,520000,80000,600000,50000,1.212712573,0,3624.198495,557.5689992,4181.767494,Madagascar,1997
0,0,20000,0,20000,0,0,0,135.0530083,0,135.0530083,Madagascar,1998
153,1,1337498,0,1337499,9000,0.970381176,0.006342361,8482.894653,0,8482.900996,Madagascar,2000
23,1200,1121900,5000,1128100,181,0.137190576,7.157769162,6691.917686,29.82403817,6728.899493,Madagascar,2002
105,86,134429,51605,186120,150000,0.607674055,0.497713988,777.9906245,298.6573297,1077.145668,Madagascar,2003
395,979,773000,258450,1032429,250000,2.218727181,5.49907319,4341.964837,1451.72162,5799.185531,Madagascar,2004
107,25,72700,8877,81602,0,0.58351966,0.136336369,396.4661613,48.41031794,445.0128156,Madagascar,2005
4,0,6112,404,6516,0,0.021186441,0,32.37288136,2.139830508,34.51271186,Madagascar,2006
91,16,243495,12000,255511,240000,0.468251518,0.082329937,1252.933004,61.74745292,1314.762787,Madagascar,2007
105,580,1058248,194338,1253166,60000,0.525105021,2.900580116,5292.29846,971.8843769,6267.083417,Madagascar,2008
27,10,122687,8102,130799,5000,0.131265497,0.048616851,596.465555,39.38937236,635.9035442,Madagascar,2009
120,132,192000,0,192132,0,0.567322239,0.624054463,907.7155825,0,908.3396369,Madagascar,2010
35,73,89297,25845,115215,0,0.160963944,0.335724798,410.674209,118.8603753,529.8703091,Madagascar,2011
112,299,335300,0,335599,100000,0.501185841,1.337987202,1500.425113,0,1501.7631,Madagascar,2012
51,127,44752,0,44879,25000,0.222115762,0.553111798,194.9044031,0,195.4575149,Madagascar,2013
17,0,20000,1736,21736,0,0.072064434,0,84.78168716,7.359050445,92.1407376,Madagascar,2014
121,37,0,206400,206437,46000,0.499298506,0.152678056,0,851.6959643,851.8486424,Madagascar,2015
0,0,1140000,0,1140000,0,0,0,4579.416727,0,4579.416727,Madagascar,2016
81,253,1694000,0,1694253,20000,0.316765085,0.989402057,6624.692034,0,6625.681436,Madagascar,2017
94,0,212190,0,212190,0,0.357931612,0,807.9734978,0,807.9734978,Madagascar,2018
17,6293,15100,0,21393,25000,0.063035337,23.33419852,55.99021098,0,79.32440951,Madagascar,2019
44,0,1410046,0,1410046,0,0.158896283,0,5092.069743,0,5092.069743,Madagascar,2020
0,0,1200,0,1200,500,0,0,27.5862069,0,27.5862069,Malawi,1967
0,0,2300,0,2300,200,0,0,50.19642078,0,50.19642078,Malawi,1969
0,0,20000,0,20000,0,0,0,329.218107,0,329.218107,Malawi,1979
0,0,6000,0,6000,0,0,0,91.37983552,0,91.37983552,Malawi,1982
0,0,1429267,0,1429267,0,0,0,17556.40585,0,17556.40585,Malawi,1987
22,100,0,150000,150100,28000,0.242397532,1.101806963,0,1652.710445,1653.812252,Malawi,1989
0,0,2800000,0,2800000,0,0,0,29774.56402,0,29774.56402,Malawi,1990
472,0,0,150000,150000,24000,4.916666667,0,0,1562.5,1562.5,Malawi,1991
0,0,7000000,0,7000000,0,0,0,72269.25459,0,72269.25459,Malawi,1992
1,0,0,1300,1300,0,0.010158472,0,0,13.20601382,13.20601382,Malawi,1995
0,0,400000,0,400000,0,0,0,3896.736483,0,3896.736483,Malawi,1997
4,0,15000,0,15000,89,0.037907506,0,142.1531463,0,142.1531463,Malawi,1998
0,0,2000,0,2000,0,0,0,18.42638659,0,18.42638659,Malawi,1999
0,0,20000,0,20000,1000,0,0,179.3882859,0,179.3882859,Malawi,2000
59,0,508750,0,508750,6700,0.516095171,0,4450.227432,0,4450.227432,Malawi,2001
509,0,3225775,0,3225775,0,4.345227932,0,27537.77531,0,27537.77531,Malawi,2002
12,0,18500,1000,19500,0,0.1,0,154.1666667,8.333333333,162.5,Malawi,2003
12,8,5100000,44500,5144508,0,0.095041977,0.063361318,40392.84017,352.4473309,40745.35086,Malawi,2005
8,0,0,16000,16000,0,0.061661785,0,0,123.3235702,123.3235702,Malawi,2006
2,0,719306,2659,721965,0,0.014990256,0,5391.290661,19.9295458,5411.220207,Malawi,2007
0,0,16380,0,16380,0,0,0,119.3181818,0,119.3181818,Malawi,2008
4,186,0,20550,20736,0,0.028312571,1.316534541,0,145.4558324,146.7723669,Malawi,2009
0,0,21290,0,21290,0,0,0,146.4236589,0,146.4236589,Malawi,2010
4,1,83586,0,83587,0,0.026734394,0.006683598,558.65526,0,558.6619436,Malawi,2011
4,0,1996735,0,1996735,0,0.025980774,0,12969.18031,0,12969.18031,Malawi,2012
3,0,33000,0,33000,0,0.01894059,0,208.3464865,0,208.3464865,Malawi,2013
283,645,7338000,350,7338995,390000,1.690056733,3.851896088,43822.03643,2.090176172,43827.9785,Malawi,2015
12,0,0,2800,2800,0,0.069747167,0,0,16.27433885,16.27433885,Malawi,2016
0,0,55921,0,55921,0,0,0,316.4742501,0,316.4742501,Malawi,2017
5,0,9613,0,9613,0,0.027558838,0,52.98462217,0,52.98462217,Malawi,2018
68,681,991074,0,991755,0,0.365022277,3.655590746,5320.060121,0,5323.715712,Malawi,2019
1,0,2250,0,2250,0,0.005227404,0,11.76165861,0,11.76165861,Malawi,2020
0,0,0,0,0,0,0,0,0,0,0,Mali,1910
0,0,0,0,0,0,0,0,0,0,0,Mali,1940
0,0,0,0,0,0,0,0,0,0,0,Mali,1966
0,0,0,0,0,0,0,0,0,0,0,Mali,1976
0,0,1500000,0,1500000,0,0,0,21156.55853,0,21156.55853,Mali,1980
17,0,0,10000,10000,0,0.208027411,0,0,122.3690651,122.3690651,Mali,1988
1,0,14635,0,14635,0,0.012052549,0,176.3890563,0,176.3890563,Mali,1989
0,0,302000,0,302000,0,0,0,3496.989347,0,3496.989347,Mali,1991
3,0,1784,4650,6434,0,0.028954734,0,17.21841521,44.87983785,62.09825306,Mali,1998
2,0,2000,200,2200,0,0.018791694,0,18.79169407,1.879169407,20.67086348,Mali,1999
15,0,0,0,0,0,0.13703636,0,0,0,0,Mali,2000
2,0,3500,0,3500,0,0.01774308,0,31.05039035,0,31.05039035,Mali,2001
2,0,22519,0,22519,0,0.017216149,0,193.8452268,0,193.8452268,Mali,2002
0,0,0,10000,10000,0,0,0,0,83.45155637,83.45155637,Mali,2003
0,0,1000000,1860,1001860,0,0,0,7827.175955,14.55854728,7841.734502,Mali,2005
1,0,25000,1000,26000,0,0.007574036,0,189.3509051,7.574036204,196.9249413,Mali,2006
18,34,42662,46162,88858,0,0.131858472,0.249066002,312.5192294,338.1583767,650.926672,Mali,2007
0,0,0,2500,2500,0,0,0,0,17.71290917,17.71290917,Mali,2008
25,16,20390,0,20406,0,0.171456004,0.109731843,139.8395172,0,139.949249,Mali,2009
0,0,632000,0,632000,0,0,0,4199.614592,0,4199.614592,Mali,2010
1,0,3515415,0,3515415,0,0.006445375,0,22658.16951,0,22658.16951,Mali,2011
37,0,46000,0,46000,0,0.224924012,0,279.6352584,0,279.6352584,Mali,2013
5,0,2000,0,2000,0,0.028671369,0,11.46854751,0,11.46854751,Mali,2015
13,0,9500,0,9500,0,0.072362928,0,52.88060117,0,52.88060117,Mali,2016
0,0,13150,0,13150,0,0,0,68.92756054,0,68.92756054,Mali,2018
15,2,6979,0,6981,0,0.076304812,0.010173975,35.50208566,0,35.51225964,Mali,2019
0,0,6800000,0,6800000,0,0,0,33578.86396,0,33578.86396,Mali,2020
0,0,0,0,0,0,0,0,0,0,0,Mauritania,1910
0,0,0,0,0,0,0,0,0,0,0,Mauritania,1940
0,0,46000,0,46000,0,0,0,4665.314402,0,4665.314402,Mauritania,1965
0,0,1300000,0,1300000,34000,0,0,116801.4376,0,116801.4376,Mauritania,1969
0,0,1420000,0,1420000,0,0,0,103649.635,0,103649.635,Mauritania,1976
0,0,27000,0,27000,25500,0,0,1858.224363,0,1858.224363,Mauritania,1978
0,0,1600000,0,1600000,0,0,0,103828.6827,0,103828.6827,Mauritania,1980
0,0,3000,0,3000,0,0,0,173.3102253,0,173.3102253,Mauritania,1984
0,0,6000,900,6900,0,0,0,337.0786517,50.56179775,387.6404494,Mauritania,1985
4,300,0,0,300,0,0.191570881,14.36781609,0,0,14.36781609,Mauritania,1991
0,0,446507,0,446507,0,0,0,20305.00227,0,20305.00227,Mauritania,1993
0,0,408,192,600,0,0,0,17.6318064,8.297320657,25.92912705,Mauritania,1995
0,0,21400,0,21400,0,0,0,879.211175,0,879.211175,Mauritania,1997
1,17,3800,20160,23977,0,0.039032006,0.663544106,148.3216237,786.8852459,935.8704137,Mauritania,1999
0,0,1000000,3000,1003000,0,0,0,37009.6225,111.0288675,37120.65137,Mauritania,2001
25,0,27500,0,27500,0,0.899928006,0,989.9208063,0,989.9208063,Mauritania,2002
9,0,0,21000,21000,0,0.315015751,0,0,735.0367518,735.0367518,Mauritania,2003
0,0,7500,0,7500,0,0,0,248.015873,0,248.015873,Mauritania,2005
7,19,0,10600,10619,0,0.224935733,0.610539846,0,340.6169666,341.2275064,Mauritania,2006
3,0,54120,0,54120,0,0.093662192,0,1689.665938,0,1689.665938,Mauritania,2007
1,0,10000,0,10000,0,0.029472443,0,294.7244327,0,294.7244327,Mauritania,2009
0,0,846750,0,846750,0,0,0,24234.40183,0,24234.40183,Mauritania,2010
0,0,723000,0,723000,0,0,0,20088.91359,0,20088.91359,Mauritania,2011
8,0,4225,2305,6530,2000,0.209588682,0,110.6890228,60.38773906,171.0767619,Mauritania,2013
18,40,3895774,0,3895814,0,0.420266169,0.933924819,90959.0007,0,90959.93463,Mauritania,2017
0,0,350600,0,350600,0,0,0,7962.752669,0,7962.752669,Mauritania,2018
3,0,33600,0,33600,0,0.066283694,0,742.3773752,0,742.3773752,Mauritania,2019
9,0,628462,700,629162,0,0.19356254,0,13516.30012,15.05486423,13531.35498,Mauritania,2020
42,0,0,0,0,0,6.363636364,0,0,0,0,Mauritius,1960
0,24,20000,3500,23524,5000,0,3.057324841,2547.770701,445.8598726,2996.687898,Mauritius,1967
2,16,25000,0,25016,0,0.234741784,1.877934272,2934.2723,0,2936.150235,Mauritius,1972
9,59,826199,0,826258,200000,1.00896861,6.614349776,92623.20628,0,92629.82063,Mauritius,1975
5,257,100000,5000,105257,175000,0.524658972,26.96747114,10493.17943,524.6589717,11044.80588,Mauritius,1979
0,0,32500,0,32500,973,0,0,3286.147624,0,3286.147624,Mauritius,1982
1,1,350,0,351,0,0.1001001,0.1001001,35.03503504,0,35.13513514,Mauritius,1983
0,0,0,0,0,0,0,0,0,0,0,Mauritius,1984
0,0,0,0,0,0,0,0,0,0,0,Mauritius,1985
1,507,4000,0,4507,60000,0.095602294,48.47036329,382.4091778,0,430.8795411,Mauritius,1989
0,0,6000,1500,7500,0,0,0,561.7977528,140.4494382,702.247191,Mauritius,1991
2,0,800,1500,2300,135400,0.179533214,0,71.81328546,134.6499102,206.4631957,Mauritius,1994
3,0,0,0,0,0,0.262697023,0,0,0,0,Mauritius,1996
0,1000,0,0,1000,175000,0,85.03401361,0,0,85.03401361,Mauritius,1999
3,50,0,1000,1050,50000,0.249584027,4.159733777,0,83.19467554,87.35440932,Mauritius,2002
2,0,0,0,0,0,0.162074554,0,0,0,0,Mauritius,2007
11,82,0,0,82,2000,0.876494024,6.533864542,0,0,6.533864542,Mauritius,2013
0,0,30000,0,30000,0,0,0,2367.797948,0,2367.797948,Mauritius,2018
100,0,0,0,0,0,2.011099257,0,0,0,0,Morocco,1909
131,0,0,0,0,0,1.417288759,0,0,0,0,Morocco,1951
30,0,0,0,0,0,0.295188429,0,0,0,0,Morocco,1954
12000,25000,0,0,25000,120000,97.33149485,202.7739476,0,0,202.7739476,Morocco,1960
169,10,35000,0,35010,0,1.253895237,0.074194984,259.6824455,0,259.7566405,Morocco,1963
76,0,0,0,0,0,0.548419685,0,0,0,0,Morocco,1964
75,0,47813,0,47813,5000,0.527055517,0,336.0014055,0,336.0014055,Morocco,1965
0,0,0,0,0,0,0,0,0,0,0,Morocco,1966
11,0,0,0,0,0,0.070256115,0,0,0,0,Morocco,1969
11,3,266441,0,266444,30000,0.068728522,0.018744142,1664.73602,0,1664.754764,Morocco,1970
0,0,137000,0,137000,100,0,0,837.8692435,0,837.8692435,Morocco,1971
10,0,12000,0,12000,0,0.056192403,0,67.43088334,0,67.43088334,Morocco,1975
0,0,0,38000,38000,0,0,0,0,204.0816327,204.0816327,Morocco,1977
16,0,5560,732,6292,0,0.081979812,0,28.48798483,3.750576421,32.23856125,Morocco,1979
1,0,10000,2216,12216,0,0.004765536,0,47.65535646,10.56042699,58.21578345,Morocco,1982
0,0,0,0,0,0,0,0,0,0,0,Morocco,1983
0,0,0,0,0,0,0,0,0,0,0,Morocco,1984
31,0,0,0,0,0,0.129685408,0,0,0,0,Morocco,1988
791,0,38000,0,38000,9000,2.930280803,0,140.7720234,0,140.7720234,Morocco,1995
39,0,60000,0,60000,55000,0.142424132,0,219.1140489,0,219.1140489,Morocco,1996
60,0,0,0,0,0,0.216177265,0,0,0,0,Morocco,1997
0,0,275000,0,275000,900000,0,0,966.4042733,0,966.4042733,Morocco,1999
6,0,950,0,950,809,0.020837675,0,3.299298465,0,3.299298465,Morocco,2000
15,0,300,0,300,2200,0.051500378,0,1.030007553,0,1.030007553,Morocco,2001
80,17,15000,0,15017,200000,0.271600747,0.057715159,50.92514004,0,50.9828552,Morocco,2002
35,0,10000,0,10000,0,0.117516704,0,33.57620119,0,33.57620119,Morocco,2003
628,926,0,12539,13465,400000,2.085339532,3.074879628,0,41.63705794,44.71193757,Morocco,2004
1,0,0,0,0,50,0.003283425,0,0,0,0,Morocco,2005
17,0,2100,0,2100,0,0.055185846,0,6.81707515,0,6.81707515,Morocco,2006
39,0,20000,0,20000,0,0.123664267,0,63.41757301,0,63.41757301,Morocco,2008
29,20,9500,0,9520,0,0.090826521,0.06263898,29.75351561,0,29.81615459,Morocco,2009
42,9,77000,0,77009,29000,0.129858084,0.027826732,238.0731534,0,238.1009801,Morocco,2010
0,0,7500,0,7500,0,0,0,22.56181939,0,22.56181939,Morocco,2012
60,0,117000,0,117000,300000,0.175479644,0,342.1853065,0,342.1853065,Morocco,2014
0,0,750000,0,750000,0,0,0,2135.170529,0,2135.170529,Morocco,2016
0,0,1650000,0,1650000,0,0,0,4637.306428,0,4637.306428,Morocco,2017
0,0,70000,0,70000,0,0,0,194.2879347,0,194.2879347,Morocco,2018
39,29,200,0,229,0,0.106931345,0.079513051,0.54836587,0,0.627878921,Morocco,2019
107,0,0,0,0,0,1.613389626,0,0,0,0,Mozambique,1956
0,0,50000,0,50000,180000,0,0,593.9653124,0,593.9653124,Mozambique,1967
500,0,500000,0,500000,0,5.415357955,0,5415.357955,0,5415.357955,Mozambique,1971
1,0,75000,0,75000,0,0.009837678,0,737.8258731,0,737.8258731,Mozambique,1975
303,51,400000,40000,440051,55500,2.821491759,0.474904553,3724.741596,372.4741596,4097.69066,Mozambique,1977
44,0,280000,25000,305000,63000,0.398514627,0,2536.002174,226.4287655,2762.430939,Mozambique,1978
0,0,6000000,0,6000000,0,0,0,52905.38753,0,52905.38753,Mozambique,1979
100000,0,5250000,0,5250000,0,839.419122,0,44069.5039,0,44069.5039,Mozambique,1981
109,0,350000,0,350000,75000,0.862614752,0,2769.863881,0,2769.863881,Mozambique,1984
8,0,500000,0,500000,500,0.062676277,0,3917.267314,0,3917.267314,Mozambique,1985
50,0,8000,0,8000,0,0.391052714,0,62.56843422,0,62.56843422,Mozambique,1987
100,0,4000,0,4000,0,0.783821916,0,31.35287663,0,31.35287663,Mozambique,1988
2,0,0,0,0,0,0.015617679,0,0,0,0,Mozambique,1989
0,0,3300000,0,3300000,50000,0,0,25410.02541,0,25410.02541,Mozambique,1990
240,2000,2000000,500000,2502000,0,1.605565962,13.37971635,13379.71635,3344.929088,16738.02515,Mozambique,1994
11,0,200000,0,200000,14500,0.068922306,0,1253.132832,0,1253.132832,Mozambique,1996
35,0,400000,0,400000,50,0.213453681,0,2439.470635,0,2439.470635,Mozambique,1997
87,0,0,2500,2500,0,0.517425955,0,0,14.86856191,14.86856191,Mozambique,1998
23,0,70000,0,70000,12400,0.133379726,0,405.9382974,0,405.9382974,Mozambique,1999
832,4,4500350,1050,4501404,420200,4.697380307,0.022583559,25408.48013,5.928184282,25414.43089,Mozambique,2000
88,0,1449326,0,1449326,36000,0.482932719,0,7953.715289,0,7953.715289,Mozambique,2001
3,17,0,4500,4517,0,0.015988062,0.090599019,0,23.98209337,24.07269239,Mozambique,2002
58,13,657500,0,657513,0,0.300036211,0.067249496,3401.272567,0,3401.339817,Mozambique,2003
16,12,1438825,9000,1447837,0,0.078071631,0.058553723,7020.71338,43.91529228,7064.687226,Mozambique,2005
4,36,0,1440,1476,0,0.018975332,0.170777989,0,6.831119545,7.001897533,Mozambique,2006
64,70,1081235,3500,1084805,171000,0.295298297,0.322982513,4988.857103,16.14912564,5005.329211,Mozambique,2007
83,36,668500,58000,726536,20000,0.372581586,0.161601652,3000.852898,260.358217,3261.372716,Mozambique,2008
0,3,7525,6500,14028,3000,0,0.013103298,32.86743831,28.39047827,61.27101987,Mozambique,2009
5,0,477000,0,477000,0,0.021247663,0,2027.027027,0,2027.027027,Mozambique,2010
23,0,63946,0,63946,0,0.095088474,0,264.3707624,0,264.3707624,Mozambique,2011
33,13,109945,0,109958,0,0.132727346,0.05228653,442.2032739,0,442.2555605,Mozambique,2012
119,0,240000,0,240000,30000,0.465552991,0,938.9304018,0,938.9304018,Mozambique,2013
22,76,76210,0,76286,0,0.083694742,0.289127292,289.9261965,0,290.2153237,Mozambique,2014
160,0,177645,0,177645,0,0.591672214,0,656.9225649,0,656.9225649,Mozambique,2015
75,200,2471600,1500,2473300,1500,0.269493352,0.71864894,8881.0636,5.38986705,8887.172116,Mozambique,2016
7,102,750000,0,750102,17000,0.024433663,0.356033369,2617.892422,0,2618.248455,Mozambique,2017
28,0,300,77150,77450,5100,0.094928126,0,1.017087063,261.5608896,262.5779767,Mozambique,2018
704,1660,2021000,0,2022660,2230000,2.318382401,5.466640321,6655.469933,0,6660.936574,Mozambique,2019
24,0,2853700,0,2853700,0,0.076786645,0,9130.252067,0,9130.252067,Mozambique,2020
0,0,0,0,0,0,0,0,0,0,0,Namibia,1981
0,0,250000,0,250000,50000,0,0,17445.91766,0,17445.91766,Namibia,1990
0,0,163200,0,163200,0,0,0,10024.57002,0,10024.57002,Namibia,1995
0,0,25000,0,25000,1000,0,0,1443.418014,0,1443.418014,Namibia,1998
0,0,5000,0,5000,0,0,0,278.551532,0,278.551532,Namibia,2000
0,0,0,0,0,0,0,0,0,0,0,Namibia,2001
0,0,345000,0,345000,0,0,0,18628.50972,0,18628.50972,Namibia,2002
2,0,12000,0,12000,0,0.106439596,0,638.6375732,0,638.6375732,Namibia,2003
0,0,25000,0,25000,0,0,0,1310.272537,0,1310.272537,Namibia,2004
5,0,2300,0,2300,8490,0.253678336,0,116.6920345,0,116.6920345,Namibia,2006
7,0,15000,0,15000,0,0.348779273,0,747.3841555,0,747.3841555,Namibia,2007
42,0,65000,0,65000,0,2.055800294,0,3181.595693,0,3181.595693,Namibia,2008
92,0,350000,0,350000,0,4.420951466,0,16818.8371,0,16818.8371,Namibia,2009
8,0,110000,0,110000,0,0.377536574,0,5191.127891,0,5191.127891,Namibia,2010
108,0,500000,0,500000,12000,5.006954103,0,23180.34307,0,23180.34307,Namibia,2011
0,0,650,0,650,0,0,0,29.61275626,0,29.61275626,Namibia,2012
0,0,794500,0,794500,64000,0,0,35564.01074,0,35564.01074,Namibia,2013
0,0,580000,0,580000,60000,0,0,25053.99568,0,25053.99568,Namibia,2015
0,0,2502,0,2502,0,0,0,104.1198502,0,104.1198502,Namibia,2017
0,0,556000,0,556000,0,0,0,22712.4183,0,22712.4183,Namibia,2018
0,0,1000,0,1000,0,0,0,39.35588583,0,39.35588583,Namibia,2020
0,0,0,0,0,0,0,0,0,0,0,Niger,1903
0,0,0,0,0,0,0,0,0,0,0,Niger,1906
85000,0,32000,0,32000,0,4142.195227,0,1559.414674,0,1559.414674,Niger,1910
0,0,0,0,0,0,0,0,0,0,0,Niger,1940
0,0,0,0,0,0,0,0,0,0,0,Niger,1966
0,0,16000,0,16000,1000,0,0,317.3973418,0,317.3973418,Niger,1974
0,0,3500000,0,3500000,0,0,0,58440.4742,0,58440.4742,Niger,1980
20,0,1080000,0,1080000,10200,0.264970853,0,14308.42607,0,14308.42607,Niger,1988
0,0,1630000,0,1630000,0,0,0,20306.46568,0,20306.46568,Niger,1990
60,0,0,61992,61992,0,0.654450262,0,0,676.1780105,676.1780105,Niger,1994
0,0,8500,0,8500,0,0,0,83.5134604,0,83.5134604,Niger,1997
0,0,0,20000,20000,0,0,0,0,189.6453632,189.6453632,Niger,1998
14,0,11606,12789,24395,0,0.128087832,0,106.1848124,117.0082342,223.1930467,Niger,1999
2,3,4156,0,4159,0,0.017649135,0.026473703,36.67490293,0,36.70137663,Niger,2000
4,0,3604558,0,3604558,0,0.034039656,0,30674.47877,0,30674.47877,Niger,2001
4,3,1250,0,1253,0,0.032813782,0.024610336,10.25430681,0,10.27891715,Niger,2002
7,0,30000,0,30000,0,0.055344719,0,237.1916509,0,237.1916509,Niger,2003
0,0,3000000,0,3000000,0,0,0,22019.96477,0,22019.96477,Niger,2005
4,0,0,46472,46472,0,0.028280543,0,0,328.5633484,328.5633484,Niger,2006
7,10,57264,0,57274,0,0.047667688,0.068096697,389.9489275,0,390.0170242,Niger,2007
7,0,32000,0,32000,0,0.04589863,0,209.8223067,0,209.8223067,Niger,2008
3,0,7979129,0,7979129,0,0.018935808,0,50363.75055,0,50363.75055,Niger,2009
5,0,226611,6615,233226,0,0.030369291,0,1376.403061,40.17857143,1416.581633,Niger,2010
16,0,3013000,28175,3041175,0,0.093485247,0,17604.44055,164.6216769,17769.06223,Niger,2011
91,0,530952,0,530952,184115,0.511379601,0,2983.714527,0,2983.714527,Niger,2012
32,0,181029,0,181029,64724,0.172935581,0,978.3236057,0,978.3236057,Niger,2013
36,0,165578,0,165578,2000,0.187110187,0,860.5925156,0,860.5925156,Niger,2014
27,0,2675165,0,2675165,0,0.134986501,0,13374.48755,0,13374.48755,Niger,2015
61,27,123239,3000,126266,0,0.293424407,0.129876377,592.8086969,14.43070855,607.3692818,Niger,2016
72,0,1340813,0,1340813,10000,0.333302472,0,6206.89288,0,6206.89288,Niger,2017
36,0,130468,0,130468,0,0.160406363,0,581.3304817,0,581.3304817,Niger,2018
52,0,223000,0,223000,0,0.223070653,0,956.6299172,0,956.6299172,Niger,2019
83,12,3750000,632608,4382620,10000,0.342881183,0.049573183,15491.61974,2613.366021,18105.03533,Niger,2020
100,0,0,0,0,0,0.144358471,0,0,0,0,Nigeria,1978
0,0,3000000,0,3000000,71103,0,0,3976.617489,0,3976.617489,Nigeria,1981
0,0,6000,0,6000,8000,0,0,7.180211338,0,7.180211338,Nigeria,1985
130,0,0,301500,301500,0,0.143813264,0,0,333.5361469,333.5361469,Nigeria,1988
18,0,0,0,0,0,0.017970887,0,0,0,0,Nigeria,1992
30,0,180000,400000,580000,66500,0.028491652,0,170.9499117,379.8886926,550.8386043,Nigeria,1994
15,0,0,107000,107000,0,0.012895461,0,0,91.98762036,91.98762036,Nigeria,1998
189,0,80000,37000,117000,0,0.158477277,0,67.08032869,31.02465202,98.10498071,Nigeria,1999
36,0,500,6300,6800,6705,0.029439665,0,0.408884237,5.151941382,5.560825619,Nigeria,2000
200,50,84065,5802,89917,3000,0.159497265,0.039874316,67.04068775,4.627015647,71.70757772,Nigeria,2001
60,0,0,200,200,0,0.04665775,0,0,0.155525833,0.155525833,Nigeria,2002
16,0,210000,0,210000,2570,0.01213031,0,159.2103168,0,159.2103168,Nigeria,2003
94,600,29300,0,29900,0,0.069464972,0.443393438,21.65237954,0,22.09577298,Nigeria,2004
60,4,1000,3000,4004,147,0.043207434,0.002880496,0.720123903,2.160371708,2.883376107,Nigeria,2005
40,0,3000,10000,13000,0,0.028062692,0,2.104701904,7.015673014,9.120374918,Nigeria,2006
91,0,55000,0,55000,0,0.062183955,0,37.58370917,0,37.58370917,Nigeria,2007
31,0,150000,0,150000,0,0.020087479,0,97.1974779,0,97.1974779,Nigeria,2009
40,200,1500000,0,1500200,30000,0.025236114,0.126180571,946.3542799,0,946.4804605,Nigeria,2010
185,162,30265,500,30927,4500,0.113632879,0.099505548,18.58972482,0.30711589,18.99634625,Nigeria,2011
378,867,7015000,0,7015867,501000,0.226037361,0.518450772,4194.846788,0,4195.365239,Nigeria,2012
19,0,81506,0,81506,0,0.01106156,0,47.45176577,0,47.45176577,Nigeria,2013
15,0,10000,0,10000,0,0.008503161,0,5.668773818,0,5.668773818,Nigeria,2014
53,0,100420,0,100420,25000,0.029259622,0,55.43870354,0,55.43870354,Nigeria,2015
46,0,1000,12000,13000,0,0.024736502,0,0.537750054,6.453000645,6.990750699,Nigeria,2016
20,0,10000,500,10500,0,0.010478172,0,5.239085894,0.261954295,5.501040189,Nigeria,2017
300,1477,1936727,0,1938204,275000,0.153158896,0.754052298,988.7565646,0,989.5106169,Nigeria,2018
36,0,123640,0,123640,0,0.017913656,0,61.52345694,0,61.52345694,Nigeria,2019
189,825,192900,0,193725,100000,0.091685446,0.400214249,93.57736804,0,93.97758229,Nigeria,2020
0,0,1900000,0,1900000,0,0,0,44896.03025,0,44896.03025,Rwanda,1974
0,0,1700000,0,1700000,0,0,0,37727.47448,0,37727.47448,Rwanda,1976
0,0,420000,0,420000,0,0,0,7115.026258,0,7115.026258,Rwanda,1984
48,50,21628,0,21678,0,0.677200903,0.705417607,305.1354402,0,305.8408578,Rwanda,1988
237,0,60000,0,60000,0,3.256836608,0,824.5155971,0,824.5155971,Rwanda,1989
0,0,82000,0,82000,0,0,0,1363.711957,0,1363.711957,Rwanda,1996
0,0,894545,0,894545,0,0,0,11925.67658,0,11925.67658,Rwanda,1999
12,0,3000,0,3000,0,0.145790305,0,36.44757624,0,36.44757624,Rwanda,2001
114,108,21535,0,21643,0,1.352794589,1.281594874,255.5476445,0,256.8292393,Rwanda,2002
0,16,1000000,7000,1007016,0,0,0.186981419,11686.33867,81.80437069,11768.33002,Rwanda,2003
24,0,2000,0,2000,0,0.265398651,0,22.11655424,0,22.11655424,Rwanda,2006
30,0,4500,0,4500,9,0.323485012,0,48.52275178,0,48.52275178,Rwanda,2007
36,694,11295,0,11989,0,0.377952756,7.286089239,118.5826772,0,125.8687664,Rwanda,2008
21,17,0,5920,5937,0,0.209184182,0.169339576,0,58.97001693,59.13935651,Rwanda,2010
14,20,3588,0,3608,0,0.136014767,0.19430681,34.8586418,0,35.05294861,Rwanda,2011
5,0,11160,0,11160,0,0.047393365,0,105.7819905,0,105.7819905,Rwanda,2012
2,6,3425,0,3431,0,0.017591697,0.05277509,30.12578063,0,30.17855572,Rwanda,2015
117,30,30000,0,30030,0,1.002656612,0.257091439,257.0914389,0,257.3485303,Rwanda,2016
3,28,6525,0,6553,0,0.025039646,0.233703364,54.46123028,0,54.69493364,Rwanda,2017
76,63,26360,0,26423,72000,0.617785726,0.512111852,214.2741018,0,214.7862136,Rwanda,2018
28,33,5360,565,5958,0,0.22174705,0.261344737,42.44872099,4.474538687,47.18460442,Rwanda,2019
111,35,21930,490,22455,0,0.856996671,0.270224176,169.3147478,3.783138459,173.3681104,Rwanda,2020
0,0,93000,0,93000,0,0,0,92079.20792,0,92079.20792,Sao Tome and Principe,1983
0,0,0,0,0,0,0,0,0,0,0,Senegal,1910
0,0,0,0,0,0,0,0,0,0,0,Senegal,1940
0,0,2000,0,2000,50,0,0,52.78437582,0,52.78437582,Senegal,1966
0,0,1400000,0,1400000,74800,0,0,33873.69949,0,33873.69949,Senegal,1969
0,0,3715000,0,3715000,300000,0,0,73462.52719,0,73462.52719,Senegal,1976
0,0,0,0,0,2000,0,0,0,0,0,Senegal,1978
0,0,950000,0,950000,0,0,0,17466.44604,0,17466.44604,Senegal,1979
0,0,1200000,0,1200000,0,0,0,21493.82053,0,21493.82053,Senegal,1980
0,0,5000,0,5000,1406,0,0,82.10180624,0,82.10180624,Senegal,1983
0,0,3000,0,3000,0,0,0,46.36068614,0,46.36068614,Senegal,1985
0,0,0,10000,10000,0,0,0,0,141.1034288,141.1034288,Senegal,1988
0,0,5000,0,5000,0,0,0,60.77549532,0,60.77549532,Senegal,1993
0,0,0,17500,17500,0,0,0,0,206.8313438,206.8313438,Senegal,1994
0,0,300000,0,300000,0,0,0,3209.242619,0,3209.242619,Senegal,1998
187,0,65853,30000,95853,0,1.954227192,0,688.1910335,313.5123837,1001.703417,Senegal,1999
0,0,0,0,0,0,0,0,0,0,0,Senegal,2000
28,0,463000,0,463000,40979,0.2722676,0,4502.139245,0,4502.139245,Senegal,2002
8,0,1277,6492,7769,0,0.075894128,0,12.11460013,61.58808462,73.70268475,Senegal,2003
2,0,0,1000,1000,0,0.018501388,0,0,9.250693802,9.250693802,Senegal,2004
0,0,50000,0,50000,0,0,0,450.8566276,0,450.8566276,Senegal,2005
8,0,5300,0,5300,0,0.068452126,0,45.34953367,0,45.34953367,Senegal,2007
1,0,23600,0,23600,0,0.008329863,0,196.5847564,0,196.5847564,Senegal,2008
6,0,264000,0,264000,0,0.048642075,0,2140.251317,0,2140.251317,Senegal,2009
2,63,102453,0,102516,0,0.015775359,0.496923805,808.1164221,0,808.613346,Senegal,2010
0,6,855214,0,855220,0,0,0.046033451,6561.408624,0,6561.454657,Senegal,2011
19,0,57000,0,57000,10000,0.141769885,0,425.3096553,0,425.3096553,Senegal,2012
8,94,163212,0,163306,0,0.058046728,0.682049049,1184.240313,0,1184.922363,Senegal,2013
0,0,639702,0,639702,0,0,0,4512.888889,0,4512.888889,Senegal,2014
5,106,10540,0,10646,0,0.033346672,0.706949446,70.29478458,0,71.00173403,Senegal,2016
0,0,320000,0,320000,0,0,0,2018.418065,0,2018.418065,Senegal,2018
6,49,8919,0,8968,0,0.036818851,0.300687285,54.73122239,0,55.03190967,Senegal,2019
7,0,16798,0,16798,18000,0.041806195,0,100.322923,0,100.322923,Senegal,2020
5,2,1125,110,1237,1700,6.41025641,2.564102564,1442.307692,141.025641,1585.897436,Seychelles,1997
0,0,6800,0,6800,0,0,0,8095.238095,0,8095.238095,Seychelles,2002
3,0,4760,70,4830,30000,3.448275862,0,5471.264368,80.45977011,5551.724138,Seychelles,2004
0,0,3000,0,3000,9300,0,0,3225.806452,0,3225.806452,Seychelles,2013
0,0,4435,0,4435,0,0,0,4718.085106,0,4718.085106,Seychelles,2014
1,0,10000,0,10000,3600,0.032927231,0,329.2723082,0,329.2723082,Sierra Leone,1975
60,0,0,0,0,0,1.618122977,0,0,0,0,Sierra Leone,1984
12,0,200000,0,200000,0,0.278228611,0,4637.14352,0,4637.14352,Sierra Leone,1996
13,3,0,0,3,0,0.291349171,0.067234424,0,0,0.067234424,Sierra Leone,1999
10,0,0,0,0,0,0.1840265,0,0,0,0,Sierra Leone,2004
20,0,15000,0,15000,0,0.354233085,0,265.674814,0,265.674814,Sierra Leone,2005
0,0,4500,0,4500,0,0,0,75.12520868,0,75.12520868,Sierra Leone,2007
103,15,1455,0,1470,0,1.641957596,0.239120038,23.19464371,0,23.43376375,Sierra Leone,2009
16,5,234,0,239,0,0.249376559,0.077930175,3.64713217,0,3.725062344,Sierra Leone,2010
21,0,0,0,0,0,0.319975621,0,0,0,0,Sierra Leone,2011
0,0,0,2257,2257,0,0,0,0,32.88170163,32.88170163,Sierra Leone,2013
10,0,24303,0,24303,0,0.139431121,0,338.8594534,0,338.8594534,Sierra Leone,2015
1102,100,11816,0,11916,30000,14.71688034,1.335470085,157.7991453,0,159.1346154,Sierra Leone,2017
7,0,10381,0,10381,0,0.089594266,0,132.8682964,0,132.8682964,Sierra Leone,2019
200,0,0,0,0,0,7.10732054,0,0,0,0,Somalia,1961
50,0,700000,0,700000,0,1.666111296,0,23325.55815,0,23325.55815,Somalia,1964
0,0,0,0,0,0,0,0,0,0,0,Somalia,1969
19000,0,230000,0,230000,0,540.8482778,0,6547.110732,0,6547.110732,Somalia,1973
0,0,40000,0,40000,0,0,0,832.9862557,0,832.9862557,Somalia,1977
0,0,0,0,0,0,0,0,0,0,0,Somalia,1980
5,0,30000,0,30000,0,0.076793119,0,460.758716,0,460.758716,Somalia,1981
0,0,0,0,0,0,0,0,0,0,0,Somalia,1983
600,0,500000,30000,530000,0,8.74380647,0,7286.505392,437.1903235,7723.695716,Somalia,1987
0,0,53500,0,53500,0,0,0,763.7401856,0,763.7401856,Somalia,1988
34,0,50000,0,50000,0,0.476657788,0,700.9673349,0,700.9673349,Somalia,1989
130,0,0,0,0,0,1.763190018,0,0,0,0,Somalia,1994
20,0,8500,0,8500,0,0.266951415,0,113.4543513,0,113.4543513,Somalia,1995
3,0,100,0,100,0,0.039047247,0,1.301574906,0,1.301574906,Somalia,1996
2311,0,1002000,230000,1232000,0,29.12046371,0,12626.00806,2898.185484,15524.19355,Somalia,1997
21,0,1200000,0,1200000,0,0.245499182,0,14028.52467,0,14028.52467,Somalia,1999
0,0,153500,220000,373500,0,0,0,1730.162308,2479.711452,4209.87376,Somalia,2000
0,0,6500,0,6500,0,0,0,70.75214978,0,70.75214978,Somalia,2001
0,0,0,0,0,0,0,0,0,0,0,Somalia,2002
1,0,300,0,300,0,0.010188487,0,3.056546103,0,3.056546103,Somalia,2003
298,283,304800,1500,306583,100000,2.941757157,2.793682132,3008.884501,14.80750247,3026.485686,Somalia,2004
14,20,5000,2500,7520,20,0.134009764,0.191442519,47.86062985,23.93031492,71.98238729,Somalia,2005
102,0,486500,0,486500,0,0.947603122,0,4519.695281,0,4519.695281,Somalia,2006
25,12,8000,2000,10012,0,0.225631769,0.108303249,72.20216606,18.05054152,90.36101083,Somalia,2007
0,0,3352000,0,3352000,0,0,0,29411.24857,0,29411.24857,Somalia,2008
0,0,1750,0,1750,0,0,0,14.93428913,0,14.93428913,Somalia,2009
20011,0,4016000,200,4016200,0,166.1491199,0,33344.40385,1.660577881,33346.06443,Somalia,2010
0,0,3002800,0,3002800,0,0,0,24263.08985,0,24263.08985,Somalia,2011
31,0,12200,20000,32200,0,0.243806528,0,95.94966575,157.294534,253.2441998,Somalia,2012
169,0,247380,0,247380,2000,1.293631353,0,1893.600735,0,1893.600735,Somalia,2013
0,0,625624,0,625624,0,0,0,4660.488677,0,4660.488677,Somalia,2014
0,0,7620296,0,7620296,0,0,0,55231.54309,0,55231.54309,Somalia,2015
9,0,0,0,0,0,0.063442831,0,0,0,0,Somalia,2016
58,0,928000,0,928000,80000,0.386460554,0,6183.36887,0,6183.36887,Somalia,2018
23,0,2030000,0,2030000,0,0.148934792,0,13145.11429,0,13145.11429,Somalia,2019
41,20,1311000,0,1311020,0,0.257971654,0.125839831,8248.800951,0,8248.926791,Somalia,2020
35,0,0,0,0,0,0.246028399,0,0,0,0,South Africa,1952
51,0,0,0,0,0,0.305553891,0,0,0,0,South Africa,1959
0,0,5000,0,5000,0,0,0,26.46062659,0,26.46062659,South Africa,1964
0,0,0,0,0,30000,0,0,0,0,0,South Africa,1968
9,0,1000,0,1000,24000,0.041868255,0,4.652028284,0,4.652028284,South Africa,1969
26,0,0,0,0,0,0.105893374,0,0,0,0,South Africa,1974
4,0,1000,0,1000,0,0.01510517,0,3.776292436,0,3.776292436,South Africa,1977
26,0,0,0,0,0,0.095803088,0,0,0,0,South Africa,1978
0,0,0,0,0,0,0,0,0,0,0,South Africa,1980
104,0,0,185,185,1000,0.354549484,0,0,0.630688985,0.630688985,South Africa,1981
10,200,0,0,200,0,0.032264309,0.645286184,0,0,0.645286184,South Africa,1983
64,0,500000,0,500000,142000,0.2009924,0,1570.253125,0,1570.253125,South Africa,1984
0,0,850000,0,850000,0,0,0,2537.616432,0,2537.616432,South Africa,1986
506,0,65000,0,65000,765305,1.475304682,0,189.5154236,0,189.5154236,South Africa,1987
25,0,1320000,0,1320000,0,0.071223042,0,3760.576622,0,3760.576622,South Africa,1988
12,6,0,0,6,1393000,0.03260781,0.016303905,0,0,0.016303905,South Africa,1990
5,0,0,0,0,0,0.013255919,0,0,0,0,South Africa,1991
19,0,0,15000,15000,0,0.047938639,0,0,37.84629359,37.84629359,South Africa,1993
2,0,11000,2000,13000,0,0.00493048,0,27.11764126,4.930480229,32.04812149,South Africa,1994
207,0,304500,0,304500,10000,0.499565595,0,734.8682305,0,734.8682305,South Africa,1995
98,30,7000,500,7530,6860,0.232002083,0.071021046,16.57157738,1.183684098,17.82628252,South Africa,1996
15,53,300,0,353,0,0.03489427,0.123293089,0.697885407,0,0.821178496,South Africa,1997
43,160,0,0,160,165000,0.098438716,0.366283595,0,0,0.366283595,South Africa,1998
57,485,15300,8300,24085,44600,0.128554997,1.093845148,34.50686754,18.7194118,54.3201245,South Africa,1999
94,100,4000,650,4750,170000,0.209037538,0.222380359,8.895214375,1.445472336,10.56306707,South Africa,2000
50,52,42656,600,43308,0,0.1097189,0.114107656,93.60338812,1.316626802,95.03412258,South Africa,2001
42,566,103650,1000,105216,14041,0.091005612,1.226408962,224.5888496,2.166800286,227.9820589,South Africa,2002
1,0,500,600,1100,0,0.002140457,0,1.070228387,1.284274064,2.354502451,South Africa,2003
0,0,15000000,15000,15015000,0,0,0,31717.83811,31.71783811,31749.55595,South Africa,2004
2,58,0,0,58,20000,0.004177022,0.121133644,0,0,0.121133644,South Africa,2005
12,0,7160,0,7160,216000,0.024747881,0,14.76623564,0,14.76623564,South Africa,2006
48,0,38000,1600,39600,0,0.09771987,0,77.36156352,3.25732899,80.61889251,South Africa,2007
50,101,4000,3500,7601,431264,0.100443962,0.202896804,8.035516985,7.031077362,15.26949115,South Africa,2008
33,0,20300,0,20300,15000,0.06537631,0,40.21633615,0,40.21633615,South Africa,2009
40,0,6000,0,6000,0,0.078099069,0,11.7148603,0,11.7148603,South Africa,2010
46,538,202606,3500,206644,221000,0.088454734,1.034535805,389.5969541,6.730251519,397.3617414,South Africa,2011
13,0,126350,0,126350,200000,0.024605833,0,239.1497738,0,239.1497738,South Africa,2012
3,0,2870,0,2870,0,0.005587945,0,5.345800659,0,5.345800659,South Africa,2013
33,2,9185,0,9187,85000,0.060501613,0.003666764,16.83961572,0,16.84328249,South Africa,2014
0,0,2700000,0,2700000,250000,0,0,4874.878128,0,4874.878128,South Africa,2015
24,20,7500,0,7520,280000,0.042698548,0.035582124,13.34329633,0,13.37887845,South Africa,2016
32,18,7118,6000,13136,2223000,0.056130503,0.031573408,12.48552885,10.52446939,23.04157165,South Africa,2017
102,20,754500,0,754520,185000,0.174186277,0.034154172,1288.466136,0,1288.50029,South Africa,2019
13,0,410,0,410,0,0.021919216,0,0.691298358,0,0.691298358,South Africa,2020
17,0,92791,0,92791,0,0.194574797,0,1062.046469,0,1062.046469,South Sudan,2008
0,0,4300000,0,4300000,0,0,0,47035.65959,0,47035.65959,South Sudan,2009
0,0,290000,0,290000,0,0,0,3050.063105,0,3050.063105,South Sudan,2010
47,0,157000,0,157000,0,0.464702393,0,1552.303737,0,1552.303737,South Sudan,2012
99,0,581000,0,581000,0,0.956059874,0,5610.816031,0,5610.816031,South Sudan,2013
0,0,3622000,0,3622000,0,0,0,33434.87492,0,33434.87492,South Sudan,2016
53,12,934800,0,934812,0,0.4791177,0.108479479,8450.551437,0,8450.659917,South Sudan,2019
0,0,1042000,0,1042000,0,0,0,9308.783516,0,9308.783516,South Sudan,2020
0,0,145000,0,145000,0,0,0,1194.00527,0,1194.00527,Sudan,1975
34,0,100000,0,100000,25000,0.251665433,0,740.19245,0,740.19245,Sudan,1978
0,0,0,0,0,0,0,0,0,0,0,Sudan,1980
150000,0,8502000,30000,8532000,0,931.2143035,0,52781.22672,186.2428607,52967.46958,Sudan,1983
0,0,3450000,0,3450000,0,0,0,18849.36896,0,18849.36896,Sudan,1987
96,0,1500000,1000000,2500000,0,0.508797965,0,7949.9682,5299.9788,13249.947,Sudan,1988
0,0,608000,0,608000,0,0,0,3017.669248,0,3017.669248,Sudan,1990
0,0,8600000,0,8600000,0,0,0,41166.05237,0,41166.05237,Sudan,1991
24,15,0,2000,2015,200,0.106534091,0.066583807,0,8.877840909,8.944424716,Sudan,1993
8,0,5965,0,5965,0,0.034278859,0,25.55917388,0,25.55917388,Sudan,1994
152,18500,206200,55700,280400,0,0.613348398,74.65095634,832.0555242,224.7599064,1131.466387,Sudan,1996
8,0,100000,0,100000,0,0.031478713,0,393.4839065,0,393.4839065,Sudan,1997
150,0,900000,100000,1000000,40000,0.576568266,0,3459.409594,384.3788438,3843.788438,Sudan,1998
38,0,2235841,45000,2280841,0,0.142712285,0,8396.89413,169.0013896,8565.89552,Sudan,1999
3,0,97000,0,97000,2000,0.010725394,0,346.7877444,0,346.7877444,Sudan,2001
33,0,100000,0,100000,0,0.11496255,0,348.3713639,0,348.3713639,Sudan,2002
20,56,325000,0,325056,184000,0.067886358,0.190081803,1103.153321,0,1103.343403,Sudan,2003
5,0,156000,4780,160780,0,0.016155089,0,504.0387722,15.44426494,519.4830372,Sudan,2005
27,0,161000,6000,167000,0,0.085275725,0,508.4959889,18.95016108,527.44615,Sudan,2006
150,335,365000,200000,565335,300000,0.463520905,1.035196687,1127.900868,618.0278731,1746.963938,Sudan,2007
20,0,111455,0,111455,0,0.059199621,0,329.9046886,0,329.9046886,Sudan,2009
36,12,16350,10000,26362,0,0.104211898,0.034737299,47.32957013,28.94774931,76.31205674,Sudan,2010
20,30,3200000,0,3200030,0,0.056577086,0.084865629,9052.333805,0,9052.41867,Sudan,2011
35,135,135000,0,135135,0,0.096701111,0.372989998,372.9899983,0,373.3629883,Sudan,2012
76,133,500000,0,500133,7000,0.205000944,0.358751652,1348.690422,0,1349.049173,Sudan,2013
39,204,266000,0,266204,0,0.102691032,0.537153089,700.4054979,0,700.942651,Sudan,2014
36,0,800000,0,800000,0,0.092537851,0,2056.396679,0,2056.396679,Sudan,2015
171,4,90000,110000,200004,0,0.429141466,0.010038397,225.8639295,276.0559139,501.9298818,Sudan,2016
25,112,29935,25600,55647,0,0.061254992,0.274422365,73.34672776,62.7251121,136.3462622,Sudan,2017
46,121,116055,11300,127476,0,0.110042582,0.289459834,277.6302569,27.03219942,304.9519162,Sudan,2018
78,0,352498,0,352498,0,0.182187653,0,823.343377,0,823.343377,Sudan,2019
155,13,875000,0,875013,250000,0.353483658,0.029647016,1995.472262,0,1995.501909,Sudan,2020
4,0,10500,3900,14400,0,0.035410765,0,92.95325779,34.52549575,127.4787535,Tanzania,1964
0,0,53483,0,53483,0,0,0,433.1308714,0,433.1308714,Tanzania,1967
40,0,57000,0,57000,1000,0.314317146,0,447.9019331,0,447.9019331,Tanzania,1968
25,0,50000,18000,68000,3000,0.162453701,0,324.9074014,116.9666645,441.8740659,Tanzania,1974
0,0,20000,0,20000,0,0,0,118.3081928,0,118.3081928,Tanzania,1977
0,0,9000,0,9000,0,0,0,51.62622612,0,51.62622612,Tanzania,1978
0,0,90000,0,90000,0,0,0,500.6675567,0,500.6675567,Tanzania,1979
0,0,40000,0,40000,0,0,0,202.8089033,0,202.8089033,Tanzania,1982
0,0,1900000,0,1900000,0,0,0,9055.380803,0,9055.380803,Tanzania,1984
0,0,0,6000,6000,0,0,0,0,26.91065662,26.91065662,Tanzania,1986
0,0,116500,0,116500,0,0,0,492.1634067,0,492.1634067,Tanzania,1988
10,0,141056,0,141056,0,0.040963461,0,577.8141897,0,577.8141897,Tanzania,1989
189,0,942000,20868,962868,280,0.749880971,0,3737.501984,82.79638153,3820.298365,Tanzania,1990
54,30,201513,280,201823,3510,0.193638613,0.107577007,722.6055151,1.004052067,723.7171442,Tanzania,1993
35,0,0,9500,9500,0,0.121557323,0,0,32.99413052,32.99413052,Tanzania,1994
3,0,1850,20000,21850,0,0.010118385,0,6.239670815,67.4559007,73.69557152,Tanzania,1995
0,0,3000000,0,3000000,0,0,0,9853.834784,0,9853.834784,Tanzania,1996
83,0,8028,2104,10132,0,0.26608534,0,25.73654346,6.745103068,32.48164652,Tanzania,1997
61,0,4600,0,4600,0,0.191078812,0,14.4092219,0,14.4092219,Tanzania,1998
37,23,750,1835,2608,0,0.110451058,0.068658766,2.238872802,5.477775456,7.785307024,Tanzania,2000
18,0,0,1050,1050,0,0.052346885,0,0,3.053568313,3.053568313,Tanzania,2001
11,0,1200,2000,3200,0,0.031130607,0,3.396066223,5.660110372,9.056176595,Tanzania,2002
0,0,1902000,0,1902000,0,0,0,5234.190104,0,5234.190104,Tanzania,2003
10,0,254000,0,254000,0,0.026752274,0,679.5077582,0,679.5077582,Tanzania,2004
3,0,15548,0,15548,0,0.007802341,0,40.43693108,0,40.43693108,Tanzania,2005
0,28,3700000,21500,3721528,0,0,0.07079825,9355.483072,54.36294217,9409.916812,Tanzania,2006
73,22,8170,1942,10134,0,0.174415826,0.052563674,19.52023701,4.639938835,24.21273952,Tanzania,2008
38,0,50605,0,50605,0,0.088220272,0,117.483865,0,117.483865,Tanzania,2009
37,200,1059000,6776,1065976,0,0.081008889,0.437885887,2318.605771,14.83557385,2333.879231,Tanzania,2011
10,0,0,0,0,0,0.02125263,0,0,0,0,Tanzania,2012
31,0,40000,0,40000,2000,0.062048398,0,80.06244871,0,80.06244871,Tanzania,2014
59,112,5000,5000,10112,0,0.114600936,0.21754754,9.711943748,9.711943748,19.64143504,Tanzania,2015
33,440,265503,13933,279876,458000,0.062206639,0.829421855,500.4863428,26.26439707,527.5801617,Tanzania,2016
7,0,0,0,0,0,0.01280644,0,0,0,0,Tanzania,2017
15,11,15862,0,15873,0,0.026636833,0.019533678,28.16756344,0,28.18709712,Tanzania,2018
47,0,2005000,0,2005000,0,0.081027498,0,3456.598569,0,3456.598569,Tanzania,2019
43,0,47581,17500,65081,0,0.071985547,0,79.65451893,29.29644356,108.9509625,Tanzania,2020
0,15,0,0,15,200,0,0.845546787,0,0,0.845546787,Togo,1966
0,0,150000,0,150000,500,0,0,6861.848124,0,6861.848124,Togo,1971
0,0,0,0,0,0,0,0,0,0,0,Togo,1980
0,0,400000,0,400000,0,0,0,10872.51971,0,10872.51971,Togo,1989
0,0,10000,1500,11500,0,0,0,242.6595487,36.3989323,279.058481,Togo,1994
3,0,110000,75000,185000,0,0.070989115,0,2602.934217,1774.727875,4377.662092,Togo,1995
0,0,30405,0,30405,0,0,0,656.4119171,0,656.4119171,Togo,1998
0,0,65000,0,65000,0,0,0,1359.832636,0,1359.832636,Togo,1999
0,0,2000,0,2000,0,0,0,34.70414715,0,34.70414715,Togo,2006
41,77,127880,13374,141331,0,0.692567568,1.300675676,2160.135135,225.9121622,2387.347973,Togo,2007
6,79,44735,0,44814,0,0.098635542,1.298701299,735.4101595,0,736.7088608,Togo,2008
0,0,0,0,0,0,0,0,0,0,0,Togo,2009
22,0,111550,0,111550,0,0.342572407,0,1736.99782,0,1736.99782,Togo,2010
0,0,16060,0,16060,0,0,0,208.625617,0,208.625617,Togo,2017
11,0,57000,0,57000,0,0.132870509,0,688.5108199,0,688.5108199,Togo,2020
13,0,0,0,0,0,0.322340689,0,0,0,0,Tunisia,1957
40,0,0,0,0,0,0.929152149,0,0,0,0,Tunisia,1962
49,0,21000,0,21000,3000,1.098408429,0,470.7464694,0,470.7464694,Tunisia,1964
540,0,271269,0,271269,100000,10.90248334,0,5476.862508,0,5476.862508,Tunisia,1969
111,0,44240,0,44240,5000,2.05213533,0,817.8960991,0,817.8960991,Tunisia,1973
0,0,31400,0,31400,0,0,0,530.4054054,0,530.4054054,Tunisia,1977
0,0,750,0,750,0,0,0,12.07535019,0,12.07535019,Tunisia,1979
117,0,30000,0,30000,90000,1.73564753,0,445.0378282,0,445.0378282,Tunisia,1982
23,0,0,2500,2500,0,0.305932429,0,0,33.25352487,33.25352487,Tunisia,1986
0,0,0,0,0,0,0,0,0,0,0,Tunisia,1988
37,0,152000,0,152000,242800,0.448865704,0,1843.988839,0,1843.988839,Tunisia,1990
12,0,27000,0,27000,0,0.12066365,0,271.4932127,0,271.4932127,Tunisia,2003
16,0,6500,0,6500,0,0.155264435,0,63.07617661,0,63.07617661,Tunisia,2007
17,8,0,0,8,0,0.161504845,0.07600228,0,0,0.07600228,Tunisia,2009
0,0,2000,0,2000,0,0,0,17.49322138,0,17.49322138,Tunisia,2017
13,0,30000,0,30000,36000,0.112408128,0,259.4033722,0,259.4033722,Tunisia,2018
6,0,40000,0,40000,0,0.050767357,0,338.4490471,0,338.4490471,Tunisia,2020
104,510,5000,0,5510,1500,1.258622776,6.17209246,60.5107104,0,66.68280286,Uganda,1966
0,0,25000,0,25000,200,0,0,292.3976608,0,292.3976608,Uganda,1967
0,0,500000,0,500000,0,0,0,4142.158893,0,4142.158893,Uganda,1979
0,0,600000,0,600000,0,0,0,3842.951387,0,3842.951387,Uganda,1987
0,0,2000,0,2000,0,0,0,12.36093943,0,12.36093943,Uganda,1988
0,0,0,0,0,0,0,0,0,0,0,Uganda,1990
7,0,50000,0,50000,70000,0.035364252,0,252.6017985,0,252.6017985,Uganda,1994
120,0,150000,3500,153500,1000,0.554144539,0,692.6806742,16.16254906,708.8432233,Uganda,1997
0,0,139000,2200,141200,1600,0,0,623.5700507,9.86945404,633.4395047,Uganda,1998
115,0,700000,0,700000,0,0.501045661,0,3049.843151,0,3049.843151,Uganda,1999
0,5,0,10000,10005,0,0,0.021141649,0,42.2832981,42.30443975,Uganda,2000
12,10,3856,300,4166,0,0.049202509,0.041002091,15.81040633,1.230062733,17.08147116,Uganda,2001
96,0,655760,200,655960,0,0.381451901,0,2605.634362,0.794691461,2606.429054,Uganda,2002
25,0,700,1500,2200,0,0.096224164,0,2.694276587,5.773449829,8.467726415,Uganda,2003
0,0,10000,20000,30000,0,0,0,37.28421759,74.56843518,111.8526528,Uganda,2004
0,0,600000,0,600000,0,0,0,2167.238577,0,2167.238577,Uganda,2005
3,0,5680,0,5680,0,0.010500158,0,19.8802982,0,19.8802982,Uganda,2006
33,0,438070,282975,721045,71,0.11191752,0,1485.688123,959.6927355,2445.380859,Uganda,2007
49,40,1130000,0,1130040,0,0.161014721,0.131440589,3713.196635,0,3713.328076,Uganda,2008
388,10,681785,0,681795,0,1.196496855,0.030837548,2102.457753,0,2102.48859,Uganda,2010
50,47,63075,0,63122,0,0.149356274,0.140394898,188.4129402,0,188.5533351,Uganda,2011
18,64,15000,3368,18432,0,0.05208484,0.185190544,43.40403368,9.745652363,53.33487659,Uganda,2012
13,0,25445,0,25445,3100,0.036419667,0,71.28449363,0,71.28449363,Uganda,2013
19,0,10000,1590,11590,2700,0.047920502,0,25.22131706,4.010189412,29.23150647,Uganda,2016
17,14,0,0,14,0,0.041295212,0.034007822,0,0,0.034007822,Uganda,2017
51,0,0,0,0,0,0.119356877,0,0,0,0,Uganda,2018
215,25,209528,0,209553,0,0.485656201,0.056471651,473.2956856,0,473.3521572,Uganda,2019
35,0,140200,0,140200,0,0.076517785,0,306.5083842,0,306.5083842,Uganda,2020
11,900,30000,0,30900,200,0.201170446,16.45940015,548.6466715,0,565.1060717,Zambia,1978
0,0,0,0,0,0,0,0,0,0,0,Zambia,1981
0,0,0,0,0,0,0,0,0,0,0,Zambia,1983
0,0,800000,0,800000,0,0,0,10230.17903,0,10230.17903,Zambia,1989
0,0,1700000,0,1700000,0,0,0,21152.17121,0,21152.17121,Zambia,1990
0,0,1273204,0,1273204,0,0,0,13995.86677,0,13995.86677,Zambia,1995
0,0,1300000,0,1300000,20700,0,0,13176.56598,0,13176.56598,Zambia,1998
0,0,12000,0,12000,0,0,0,115.2073733,0,115.2073733,Zambia,2000
5,0,617900,0,617900,0,0.046763936,0,5779.087168,0,5779.087168,Zambia,2001
4,0,0,11000,11000,0,0.035533446,0,0,97.7169761,97.7169761,Zambia,2003
2,13,196385,0,196398,0,0.017314518,0.112544368,1700.155831,0,1700.268375,Zambia,2004
0,0,1204000,0,1204000,0,0,0,10155.19568,0,10155.19568,Zambia,2005
14,0,1553521,0,1553521,0,0.111973126,0,12425.18596,0,12425.18596,Zambia,2007
4,0,15000,0,15000,0,0.031130827,0,116.7406024,0,116.7406024,Zambia,2008
31,0,614814,0,614814,0,0.234581914,0,4652.395006,0,4652.395006,Zambia,2009
9,0,1200,150,1350,0,0.066147288,0,8.819638395,1.102454799,9.922093194,Zambia,2010
0,0,1375,0,1375,0,0,0,9.805319832,0,9.805319832,Zambia,2011
0,0,1800,0,1800,0,0,0,12.0586856,0,12.0586856,Zambia,2013
0,0,0,20000,20000,0,0,0,0,129.8701299,129.8701299,Zambia,2014
4,0,1420000,0,1420000,0,0.022395163,0,7950.282739,0,7950.282739,Zambia,2019
3,0,705772,0,705772,0,0.016318577,0,3839.064889,0,3839.064889,Zambia,2020
11,0,0,0,0,0,0.174769622,0,0,0,0,Zimbabwe,1975
0,0,0,0,0,1000,0,0,0,0,0,Zimbabwe,1981
0,0,5000000,0,5000000,50000,0,0,47929.44785,0,47929.44785,Zimbabwe,1990
36,0,55000,0,55000,0,0.306461224,0,468.204648,0,468.204648,Zimbabwe,1998
70,0,200000,66000,266000,72900,0.589175995,0,1683.359987,555.5087956,2238.868782,Zimbabwe,2000
13,0,6030000,0,6030000,3600,0.109023818,0,50570.27843,0,50570.27843,Zimbabwe,2001
10,0,18000,0,18000,200000,0.083458521,0,150.225338,0,150.225338,Zimbabwe,2003
27,0,2117000,0,2117000,1200,0.220300261,0,17273.17232,0,17273.17232,Zimbabwe,2007
0,0,1668438,0,1668438,0,0,0,13139.37628,0,13139.37628,Zimbabwe,2010
0,0,0,0,0,0,0,0,0,0,0,Zimbabwe,2011
125,0,4309700,0,4309700,500000,0.936329588,0,32282.397,0,32282.397,Zimbabwe,2013
14,2,2500,0,2502,20000,0.10303967,0.014719953,18.39994112,0,18.41466107,Zimbabwe,2014
10,0,0,475,475,0,0.072385089,0,0,3.438291712,3.438291712,Zimbabwe,2015
31,0,2000,0,2000,0,0.220955096,0,14.2551675,0,14.2551675,Zimbabwe,2016
251,128,7000000,12895,7013023,189000,1.76301187,0.899065814,49167.66173,90.57385685,49259.13465,Zimbabwe,2017
654,186,270000,0,270186,0,4.465687948,1.27005804,1843.632639,0,1844.902697,Zimbabwe,2019
